id,datetime,created_at,screen_extracted_id,project,sector,state,announced,promised_capital_usd,promised_jobs,promised_first_output,actual_first_output,current_status,lag_years,slip_years,verification_tier,notes,promise_source,status_source,flag,promised_date_source,announced_dt,promised_first_output_dt,actual_first_output_dt,announced_raw,promised_first_output_raw,actual_first_output_raw
1,2026-09-04T23:30:09Z,2026-09-04T23:30:09Z,16,"Micron Clay Megafab (DRAM), Onondaga County",Semiconductors,NY,2022-10,100000000000,9000,2027,pending,"CONSTRUCTION; first concrete poured, transitioning to vertical construction, reported ahead of schedule",-1.0,-1.0,V1,"Announcement (Oct 4, 2022) is 'up to $100B over 20-plus years' with a first-phase $20B by end of decade; headline announced total used for promised_capital_usd, first phase noted here. Broke ground Jan 16, 2026; first concrete pour more than one quarter ahead of original plan. Plan is four fabs; ~50,000 total NY jobs claimed of which ~9,000 direct Micron jobs.",https://investors.micron.com/news/press-release/2022/Micron-Announces-Historic-Investment-of-up-to-100-Billion-to-Build-Megafab-in-Central-New-York-10-04-2022/default.aspx,https://investors.micron.com/news/press-release/2026/Micron-Accelerates-U-S--Investments-Pours-First-Concrete-at-New-York-Fab/default.aspx,pretty clear be 2022 and 2026 article -AL,https://www.governor.ny.gov/news/promise-progress-governor-hochul-celebrates-groundbreaking-microns-semiconductor-manufacturing,2022-10-15,2027-07-01,,"Micron intends to invest up to $100 billion over the next 20-plus years to construct a new megafab in Clay, New York","Site preparation work will start in 2023, construction will begin in 2024 and production output will ramp in the latter half of the decade","Less than six months after breaking ground in January 2026, Micron has completed key early site work and is transitioning to vertical construction"
2,2026-09-05T07:46:12Z,2026-09-05T07:46:12Z,1,"Intel Ohio One (New Albany, Licking County)",Semiconductors,OH,2022-01,20000000000,3000,2025,pending,"UNDER CONSTRUCTION; not yet producing, first-fab production delayed to the next decade (~2030-2031)",-1.0,-1.0,V1,"Initial announced investment was more than $20B for two fabs; later expansions/re-announcements (~$28B, and an 'up to $100 billion' complex figure) are re-announcements per rule 4 and are not summed. Initial phase promised 3,000 Intel (direct) jobs plus 7,000 construction jobs (construction jobs excluded). CNBC/AP notes the first plant's fabs were later expected by end of 2026 before being pushed to 2030+.",https://www.intc.com/news-events/press-releases/detail/1521/intel-announces-next-us-site-with-landmark-investment-in,https://www.axios.com/local/columbus/2026/05/12/intel-ohio-stock-project-2026,verbatim,https://www.cnbc.com/2025/02/28/intel-delays-ohio-plant-opening-to-2030-production-was-to-start-2026.html,2022-01-15,2025-07-01,,"Jan 21, 2022 - Intel today announced plans for an initial investment of more than $20 billion in the construction of two new leading-edge chip factories in Ohio.","Production is expected to come online in 2025, when the fab will deliver chips using the industry's most advanced transistor technologies.","Not yet producing; first-fab production has been delayed. Per the CNBC/AP report: the company won't complete construction on the first plant until 2030, starting operations that year or the next."
3,2026-09-05T07:48:20Z,2026-09-05T07:48:20Z,11,Samsung Taylor Semiconductor Fab (Williamson County),Semiconductors,TX,2021-11,17000000000,2000,2024 (second half),pending,TRIAL OPERATIONS; mass production slipped to early 2027,-1.0,-1.0,V1,"Announced Nov 23, 2021 (~$17B, largest FDI in Texas on record). Promised over 2,000 direct high-tech jobs plus thousands of indirect and a minimum of 6,500 construction jobs (only direct counted). As of TrendForce March 2026 the fab is in trial operations, not yet in mass production; full-scale production now expected to slip to early 2027 (Samsung frames this as completing preparations for mass production by end of 2026).",https://news.samsung.com/global/samsung-electronics-announces-new-advanced-semiconductor-fab-site-in-taylor-texas,https://www.trendforce.com/news/2026/03/03/news-delay-at-samsungs-taylor-reportedly-slips-mass-production-to-2027-raising-concerns-for-tesla/,delayed to 2027 -AL,https://gov.texas.gov/news/post/governor-abbott-announces-new-17-billion-samsung-manufacturing-facility-in-taylor,2021-11-15,2024-10-01,,"Governor Abbott Announces New $17 Billion Samsung Manufacturing Facility In Taylor (November 23, 2021)",Construction will begin in early 2022 with a target of production start in the second half of 2024.,"Samsung's Taylor plant has started trial operations, but full-scale production is already facing significant delays."
4,2026-09-05T08:12:08Z,2026-09-05T08:12:08Z,2,Ford BlueOval City Battery Plant (Stanton),Battery,TN,2021-09,5600000000,6000,2025,pending,"NOT YET PRODUCING; BlueOval SK joint venture dissolved and SK On Tennessee took full ownership of the battery plant (May 2026); construction complete, output now slated for 2028",-1.0,-1.0,V1,"$11.4B / ~11,000 jobs is the combined three-plant BlueOval SK total (two Kentucky plants + this Tennessee site); per re-announcement rule only the initial $5.6B Stanton campus figure is used as the anchor. Ford later scrapped its EV-pickup plans for the campus and will build gas-powered trucks at the renamed Tennessee Truck Plant starting 2029; the battery plant is now owned/operated by SK On Tennessee, which employs a core team of ~100.",https://www.corporate.ford.com/articles/electrification/blue-oval-city.html,https://tennesseelookout.com/2026/05/22/sk-on-tennessee-takes-control-of-battery-plant-in-stanton-as-joint-venture-with-ford-dissolves/,"Resolved: human-verified and promoted from screen_extracted #2. Prior extraction flag: Promised first output slipped from 2025 (original announcement) to ~2028 (status source). The $5.6B and ~6,000-jobs figu",,2021-09-15,2025-07-01,,"DEARBORN, Mich., Sept. 27, 2021",production of the new electric vehicles and advanced lithium-ion batteries will begin in 2025,SK On Tennessee plans to produce automotive and energy storage systems at the plant starting in 2028.
5,2026-09-05T08:16:36Z,2026-09-05T08:16:36Z,4,Eli Lilly Concord Parenteral Manufacturing Facility,Pharmaceuticals,NC,2022-01,1000000000,600,unconfirmed,2024-06,"OPERATIONAL; opened June 2024, manufacturing parenteral (injectable) products",2.4,-3.0,V1,"Initial announcement (Jan 28, 2022) was 'over $1 billion' and 'nearly 600 new jobs'; status source reports total investment later grown to ~$2B (re-announcement/expansion, not summed into promised_capital_usd per rule 4). ~500 additional construction jobs stated in the promise source are excluded as non-direct.",https://investor.lilly.com/news-releases/news-release-details/lilly-announces-1-billion-investment-new-manufacturing-facility,https://www.pharmaceutical-technology.com/projects/eli-lilly-parenteral-products-facility-concord/,"Resolved: human-verified and promoted from screen_extracted #4. Prior extraction flag: Promise source gives no promised first-output/production date, so promised_first_output is 'unconfirmed' (no promised_da",,2022-01-15,,2024-06-15,"INDIANAPOLIS, Jan. 28, 2022 /PRNewswire/ -- Eli Lilly and Company (NYSE: LLY) plans to invest over $1 billion to create a new manufacturing site",The promise source states no planned start-of-operations/production date; it announces the investment and jobs only.,"Eli Lilly opened a facility in Concord, North Carolina, in June 2024 to manufacture parenteral (injectable) products and devices"
6,2026-09-05T08:19:25Z,2026-09-05T08:19:25Z,5,Qcells Cartersville Vertically Integrated Solar Factory,Solar,GA,2023-01,2500000000,2500,2024,2026-06-09,"PRODUCING solar cells; module assembly at full capacity, full ingot/wafer/cell production expected by Q3 2026",3.4,1.9,V1,"Vertically integrated site (ingots, wafers, cells, finished panels) in Cartersville, Bartow County, GA. The more than $2.5B investment and more than 2,500 new jobs from the Jan 2023 announcement cover both the new Cartersville facility and the Dalton (Whitfield County) expansion; a Cartersville-only split is not stated in the sources. Qcells' Georgia operations later cited at ~3,800 direct jobs. By Q3 2026 Cartersville expected to make 3.3 GW each of ingots/wafers/cells and 3.5 GW of modules per year.",https://georgia.org/press-releases/2023/qcells-more-double-production-georgia-create-2500-new-jobs,https://pv-magazine-usa.com/2026/06/09/qcells-begins-production-of-solar-cells-in-cartersville-georgia/,Resolved: human-verified and promoted from screen_extracted #5. Prior extraction flag: status_source (pv-magazine-usa) returned HTTP 403 and could not be scraped; actual first-output date (solar cells began ,https://us.qcells.com/blog/qcells-begins-solar-cell-manufacturing-at-americas-first-and-only-vertically-integrated-solar-factory-in-cartersville-georgia/,2023-01-15,2024-07-01,2026-06-09,"January 11, 2023 announcement of a more than $2.5 billion expansion of its solar manufacturing footprint in Georgia","Qcells expects to break ground at the Cartersville site in the first quarter of 2023, with total production capacity reaching 8.4 gigawatts by 2024","June 9, 2026 - Qcells has begun manufacturing solar cells at its Cartersville, Georgia factory"
7,2026-09-05T23:35:54Z,2026-09-05T23:35:54Z,3,Steel Dynamics Sinton Flat Roll Steel Mill,Steel,TX,2019-07,1900000000,600,2021 (mid-year),unconfirmed,"IN FULL OPERATION; record 2025 shipments, planned Q4 2025 maintenance outage",-4.0,-4.0,V1,~3.0 million tons/year flat-roll EAF capacity; construction expected to begin early 2020. Status source (Q4/full-year 2025 results) confirms Sinton is operating and contributing to record annual shipments but does not disclose Sinton-specific first-production date.,https://ir.steeldynamics.com/steel-dynamics-announces-planned-new-flat-roll-steel-mill-site-selection/,https://ir.steeldynamics.com/steel-dynamics-reports-fourth-quarter-and-annual-2025-results/,Resolved: human-verified and promoted from screen_extracted #3. Prior extraction flag: actual_first_output unconfirmed: status source confirms Sinton is in full operation and producing but states no explicit,https://www.prnewswire.com/news-releases/steel-dynamics-announces-planned-new-flat-roll-steel-mill-site-selection-300888920.html,2019-07-15,2021-07-01,,"Steel Dynamics Announces Planned New Flat Roll Steel Mill Site Selection (news release dated July 22, 2019)","the company expects to begin construction early 2020, followed by the commencement of operations mid-2021",Sinton's year-over-year operating performance improved (Q4/full-year 2025 results); no explicit first-output date stated
8,2026-09-05T23:37:05Z,2026-09-05T23:37:05Z,6,TSMC Arizona Fab 1 (Phoenix),Semiconductors,AZ,2020-05,12000000000,1600,2024,unconfirmed,Fab 1 built; status source (Mar 2026) does not confirm Fab 1 first-output date/node. Article focuses on Fab 2 (P2) targeting 3nm mass production as early as 2H 2027; reports four Arizona fabs booked/fully booked.,-4.0,-4.0,V1,"Announcement was for the first Arizona fab: 5nm ('5-nanometer technology'), ~20,000 wafers/month capacity, total spending ~US$12B from 2021 to 2029. Status source concerns the second fab (P2) and future capacity, not Fab 1's operational milestones.",https://pr.tsmc.com/english/news/2033,https://www.trendforce.com/news/2026/03/24/news-tsmc-reportedly-eyes-2h27-3nm-mass-production-at-arizona-fab-2-four-u-s-fabs-said-to-be-fully-booked/,Resolved: human-verified and promoted from screen_extracted #6. Prior extraction flag: status_source does not state Fab 1's actual first-output date or node; it discusses Fab 2 (P2) 3nm mass production 'as e,,2020-05-15,2024-07-01,,"May 15, 2020 — ""TSMC today announced its intention to build and operate an advanced semiconductor fab in the United States""",Construction is planned to start in 2021 with production targeted to begin in 2024.,unconfirmed
9,2026-09-05T23:39:13Z,2026-09-05T23:39:13Z,9,Chobani Rome Dairy Processing Plant (Triangle Site),Food and Beverage,NY,2025-04,1200000000,1000,2027,pending,"DELAYED; under construction, not yet producing; Phase 1 production slated between spring 2027 and summer 2028",-1.0,-1.0,V1,"Groundbreaking held April 2025. Three-phase rollout totaling 28 production lines; Phase 1 = 4-6 lines and ~300-450 employees. Later reporting suggests eventual employment could reach as many as 1,800.",https://www.prnewswire.com/news-releases/building-for-the-future-chobani-invests-1-2-billion-in-upstate-new-york-to-build-third-us-dairy-processing-plant-302434586.html,https://www.foodprocessing.com/business-of-food-beverage/capital-spending/news/55397882/chobani-updates-construction-status-on-12-billion-rome-new-york-facility,Resolved: human-verified and promoted from screen_extracted #9. Prior extraction flag: Promise source (April 2025 announcement) states no production-start date; promised_first_output is taken from the status,,2025-04-15,2027-07-01,,"Chobani broke ground today on a new, $1.2 billion, state-of-the-art plant in Rome, New York.",Phase 1 ... now slated for a start date between spring 2027 and summer 2028,The facility is not yet operational ... no production currently taking place.
10,2026-09-05T23:43:54Z,2026-09-05T23:43:54Z,7,"Hyundai Metaplant America (HMGMA), Bryan County",Auto Assembly,GA,2022-05,5540000000,8100,2025 (first half),2024-10-07,"PRODUCING; ramping toward 500,000 units/yr",2.4,-0.5,V1,"Capital later expanded to $7.59B and direct jobs to at least 8,500 at the March 2025 grand opening (re-announcements per rule 4; original May 2022 figures used as anchor). Plant produces Hyundai Ioniq 5, Ioniq 9 and Kia Sportage hybrid across Hyundai/Genesis/Kia brands.",https://georgia.org/hyundai-motor-group-metaplant-america,https://www.automotivemanufacturingsolutions.com/smart-factory/hyundai-reshapes-vehicle-production-at-metaplant-america/2677700,"Resolved: human-verified and promoted from screen_extracted #7. Prior extraction flag: Promised first-output date not stated in either source (lead summary says production targeted 2025, but uncited); promis",https://www.hyundai.com/worldwide/en/newsroom/detail/hyundai-motor-group-to-establish-first-dedicated-ev-plant-and-battery-manufacturing-facility-in-the-u.s.-0000000068,2022-05-15,2025-04-01,2024-10-07,"May 20, 2022 – Governor Brian P. Kemp and Hyundai Motor Group Chairman Euisun Chung announce Hyundai's selection of Georgia",Original May 2022 announcement production target not stated on either source page,"October 7, 2024 – HMGMA begins production on the first of its Georgia Made® EVs, the 2025 Hyundai IONIQ 5."
11,2026-09-05T23:48:04Z,2026-09-05T23:48:04Z,8,Formosa Sunshine Project Petrochemical Complex (St. James Parish),Chemicals and Plastics,LA,2018-04,9400000000,1200,unconfirmed,pending,"NOT STARTED; unbuilt, in permit litigation",-1.0,-1.0,V1,"$9.4B, 14-plant petrochemical/plastics complex ('The Sunshine Project') planned as a 10-year, two-phase build with construction to begin as soon as 2019 and permanent-job hiring from 2021. As of the Feb 5, 2026 status source the facility has not been constructed and remains in permit litigation (lawsuit over a fourth permit extension; first permit granted ~6 years earlier).",https://www.opportunitylouisiana.gov/news/formosa-selects-st-james-parish-for-9-4-billion-louisiana-project,https://earthjustice.org/press/2026/groups-sue-over-formosa-plastics-permit-extensions,"Resolved: human-verified and promoted from screen_extracted #8. Prior extraction flag: Promise source gives a 10-year, two-phase build from ~2019 but no explicit first-production/operations date, so promised",,2018-04-15,,,"April 23, 2018",FG could begin construction as soon as 2019 in what projects to be a 10-year building and development process in two phases.,A fourth permit extension when the company is not ready to build is unheard of.
12,2026-09-05T23:49:59Z,2026-09-05T23:49:59Z,10,Anduril Arsenal-1 Autonomous Weapons Facility (Pickaway County),Aerospace and Defense,OH,2025-01,910500000,4000,2026-07,2026-03,"PRODUCING; Fury drone production started ~March 2026, early ramp (~30 workers), ahead of the July 2026 target",1.2,-0.3,V1,"~5M sq ft facility on 500 acres near Rickenbacker Airport; more than 4,000 production/service jobs pledged by 2035. Announcement press release states 'over $900 million in capital'; committed capital reported as $910.5M. Roadrunner, Barracuda cruise missile and a classified platform expected by end of 2026; ~$1B reported sunk into the facility as of March 2026.",https://governor.ohio.gov/media/news-and-media/ohio-partners-with-anduril-to-rebuild-the-arsenal-for-essential-national-security-needs https://www.jobsohio.com/newsroom/news-press/anduril-ohio-partner-together-to-rebuild-the-arsenal-for-essential-national-security-needs,https://breakingdefense.com/2026/03/as-fury-production-starts-anduril-pledging-a-different-production-approach-at-arsenal-1/,Resolved: human-verified and promoted from screen_extracted #10. Prior extraction flag: Given promise_source (governor.ohio.gov) returned HTTP 404; extracted from the identical JobsOhio press release of the s,,2025-01-15,2026-07-15,2026-03-15,"Governor DeWine announced the Anduril 'Arsenal-1' project on January 16, 2025 (JobsOhio: 'Ohio Partners with Anduril to Rebuild the Arsenal for Essential National Security Needs')",first products are targeted to be manufactured beginning in July 2026,A new Anduril factory in Ohio has begun manufacturing the Fury autonomous combat drone
13,2026-09-05T23:52:20Z,2026-09-05T23:52:20Z,12,"Panasonic Energy EV Battery Plant (De Soto, Johnson County)",Battery,KS,2022-07,4000000000,4000,unconfirmed,2025,"OPERATING; producing EV battery cells, additional lines and data-center battery expansion underway",3.0,-3.0,V1,"Announcement (Kansas Commerce, Jul 13, 2022): 'an investment of up to $4 billion' and 'create up to 4,000 new jobs' to make lithium-ion batteries in De Soto. Grand opening was mid-2025 (KCTV5 June 2026 says it 'opened a year ago'); status source gives no exact production-start date. Panasonic announced a Zoox (Amazon) battery deal with production expected early 2026, and is investing over $2 billion in data-center batteries with production expected mid-to-late 2028 or early 2029.",https://www.kansascommerce.gov/2022/07/kansas-lands-4b-4000-job-panasonic-energy-electric-vehicle-battery-plant/,https://www.kctv5.com/2026/06/19/kansas-city-area-panasonic-plant-start-making-batteries-data-centers/,"Resolved: human-verified and promoted from screen_extracted #12. Prior extraction flag: Promise source states no promised production-start date, so promised_first_output is unconfirmed; status source confirms",,2022-07-15,,2025-07-01,"Jul 13, 2022","No promised production-start date is stated in the announcement; the release commits to 'an investment of up to $4 billion' and to 'create up to 4,000 new jobs' but gives no production timeline.",The 300-acre facility in De Soto opened a year ago. It is the largest EV battery plant in the United States.
14,2026-09-05T23:53:44Z,2026-09-05T23:53:44Z,13,Scout Motors Blythewood EV Assembly Plant (Richland County),Auto Assembly,SC,2023-03,2000000000,4000,2026 (end of),pending,"IN CONSTRUCTION; advancing production readiness, not yet producing",-1.0,-1.0,V1,"Scout Motors is backed by Volkswagen. Plant is its first manufacturing facility, in Blythewood near Columbia, SC. As of the July 2026 company update, construction and equipment installation (conveyors, paint equipment, water test bays) are ongoing.",https://governor.sc.gov/news/2023-03/scout-motors-selects-south-carolina-production-site-plans-create-4000-jobs,https://blog.scoutmotors.com/july-2026-scout-motors-production-center-update/,Resolved: human-verified and promoted from screen_extracted #13. Prior extraction flag: promised_date_source (wltx.com) returned HTTP 403 and could not be read. status_source (July 2026 company update) states,https://www.wltx.com/article/money/business/scout-motors-groundbreaking-richland-county/101-3ef5ffda-dab3-4e11-9fad-0e613c2e97da,2023-03-15,2026-07-01,,"March 3, 2023",Vehicle production is targeted to begin by the end of 2026.,We continue to make progress in the construction phase while advancing production readiness for the assembly of the new Scout vehicles.
15,2026-09-05T23:54:48Z,2026-09-05T23:54:48Z,14,Eli Lilly Lebanon LEAP District Manufacturing Sites (Boone County),Pharmaceuticals,IN,2022-05,2100000000,500,unconfirmed,2026-05-06,"PRODUCING; first of three facilities (Lilly Lebanon Advanced Therapies) opened May 6, 2026 producing Zepbound/Mounjaro; further facilities (incl. Lilly Lebanon API) under construction, targeting 2027.",4.0,-3.0,V1,"Initial announcement (May 25, 2022) was $2.1B and up to 500 direct Lilly roles for two sites at LEAP Lebanon. Later expansions ($3.7B, then ~$4.5B genetic-medicine investment per WFYI May 2026) are re-announcements per re-announcement discipline and are not summed into promised_capital_usd.",https://investor.lilly.com/news-releases/news-release-details/lilly-plans-invest-21-billion-new-manufacturing-sites-indiana,https://www.wfyi.org/wfyi-news/2026-05-06/lilly-unveils-new-genetic-medicine-facility-in-lebanon-leap-district-and-4-5-billion-investment,Resolved: human-verified and promoted from screen_extracted #14. Prior extraction flag: promise_source (investor.lilly.com) was unreachable (repeated timeouts / Akamai Access Denied); promise facts read from ,,2022-05-15,,2026-05-06,"INDIANAPOLIS, May 25, 2022 /PRNewswire/ -- ... plans to expand its manufacturing footprint in Indiana by investing $2.1 billion","The announcement states no production/operational timeline for the sites (""an estimated 1,500 construction jobs will be required while the facilities are being built"").",Eli Lilly & Company opened a new genetic medicine facility in Lebanon's LEAP Innovation District on May 6
16,2026-09-05T23:55:51Z,2026-09-05T23:55:51Z,21,Texas Instruments Sherman 300mm Fab Campus (SM1),Semiconductors,TX,2021-11,30000000000,3000,2025,2025-12,"PRODUCING; first fab SM1 began production Dec 2025, ramping to volume per customer demand",4.1,0.5,V1,"Announced Nov 17, 2021 (Gov. Abbott release); groundbreaking May 18, 2022. Campus is up to four fabs (SM1-SM4); the ~$30B is the potential total investment across all four fabs over the coming decades, not a per-fab figure. SM1 is the first fab. Row anchors on the original announcement figures.",https://www.ti.com/about-ti/newsroom/news-releases/2022/2022-05-18-texas-instruments-breaks-ground-on-new-300-mm-semiconductor-wafer-fabrication-plants-in-sherman--texas.html,https://www.ti.com/about-ti/newsroom/news-releases/2025/texas-instruments-begins-production-at-its-newest-300mm-semiconductor-manufacturing-facility-in-sherman-texas.html,Resolved: human-verified and promoted from screen_extracted #21,https://gov.texas.gov/news/post/governor-abbott-announces-texas-instruments-potential-30-billion-investment-in-sherman,2021-11-15,2025-07-01,2025-12-15,"Governor Greg Abbott today announced that Texas Instruments (TI) has selected Sherman as the location for their next 300-mm fabs, with potential of up to four fabs on the site to meet demand over time. (dateline: November 17, 2021 | Austin, Texas)",Plans for production from the first facility should begin as early as 2025.,"Texas Instruments (TI) today announced the start of production at its newest semiconductor fab in Sherman, TX, just three and a half years after breaking ground. (17 DEC 2025)"
17,2026-09-05T23:56:52Z,2026-09-05T23:56:52Z,15,Nucor Apple Grove Sheet Steel Mill (Mason County),Steel,WV,2022-01,3100000000,800,2027 (first half),pending,"UNDER CONSTRUCTION; ~85% complete, commissioning through 2026, commercial shipments expected early 2027 with ramp through 2027-2028",-1.0,-1.0,V1,"Commissioning sequence: pickle line first, then cold mill, automotive galvanizing line, then EAF melt shop and hot mill later in 2026. Deliberate ramp-up through 2027-2028; utilization ~50% possible by year-end 2027. Lead summary cites initial ~$2.7B growing to ~$3.1B and up to ~$4B; later figures are re-announcements/expansions per rule 4.",https://www.wsaz.com/video/2022/01/13/nucor-announces-plans-build-mason-county-west-virginia/,https://www.steelmarketupdate.com/2026/04/28/nucor-west-virginia-mill-is-85-complete-commissioning-to-finish-in-2026/,"Resolved: human-verified and promoted from screen_extracted #15. Prior extraction flag: promise_source (WSAZ) is a video page whose article body did not render, so the initial Jan 2022 capital figure (~$2.7B ",https://www.energy.senate.gov/2023/10/manchin-celebrates-groundbreaking-of-nucor-steel-s-3-billion-mason-county-sheet-mill,2022-01-15,2027-04-01,,"NUCOR Steel of West Virginia announces plans to build sheet mill in Apple Grove area of Mason County (Jan. 12, 2022)",Commercial shipments to begin in early 2027,the mill is about 85% complete... commissioning underway through 2026
18,2026-09-06T00:06:03Z,2026-09-06T00:06:03Z,17,Rivian Stanton Springs North EV Assembly Plant (Social Circle),Auto Assembly,GA,2021-12,5000000000,7500,2024,pending,"DELAYED; under construction, customer vehicle production now expected 2028",-1.0,-1.0,V1,"Announced ~$5B / 7,500 jobs at the Stanton Springs North site (Walton/Morgan/Newton counties) in Dec 2021, capacity 400,000+ vehicles/yr. AJC (Aug 2026): excavation underway, buildings targeted up in 2027 and manufacturing to commence 2028; georgia.org lists Phase 1 construction beginning 2026 and customer production anticipated 2028.",https://www.gpb.org/news/2021/12/17/rivian-electric-vehicle-factory-drives-generational-5b-and-7500-jobs-east-georgia,https://www.ajc.com/business/2026/08/rivian-says-construction-progressing-well-at-5b-georgia-factory-site/,"Resolved: human-verified and promoted from screen_extracted #17. Prior extraction flag: The lead summary says first output was originally targeted for 2024, but none of the three readable sources state a 2024",https://www.ajc.com/news/rivian-confirms-ev-factory-thousands-of-jobs-coming-to-georgia/CUH7ZNS5URGODNQG7CEUU2FCVY/,2021-12-15,2024-07-01,,"December 16, 2021","The first phase of facility construction is expected to begin in 2026, with the start of customer vehicle production anticipated in 2028.",Excavation is underway to build the foundations for two massive metal stamping presses; no vehicles have been produced at the Georgia facility yet.
19,2026-09-06T00:08:28Z,2026-09-06T00:08:28Z,46,Ferrara Candy Company Orangeburg County,Food and Beverage,SC,2026-04,675000000,1000,2029-Q1,pending,PRE-PRODUCTION; broke ground May 2026,-1.0,-1.0,V1,"$675M, 750,000-sq-ft greenfield sugar-confection plant (NERDS, SweeTARTS, Laffy Taffy, Trolli, Brach's, Jelly Belly) at Highway 21 and Rowesville Road, Orangeburg; first SC operation. 1,000 direct manufacturing and corporate jobs projected over 10 years.",https://governor.sc.gov/news/2026-04/ferrara-candy-company-selects-orangeburg-county-first-south-carolina-operation https://www.ferrara.com/us/en/ferrara-candy-company-selects-orangeburg-county-new-manufacturing-site,https://www.wrdw.com/2026/05/20/ferrara-candy-company-breaks-ground-orangeburg/,Resolved: human-verified and promoted from screen_extracted #46,https://www.ferrara.com/us/en/ferrara-candy-company-selects-orangeburg-county-new-manufacturing-site,2026-04-15,2029-02-15,,"CHICAGO (Apr. 22, 2026) – Ferrara Candy Company, a leading sugar confectioner in the United States, Brazil and Europe, today announced plans to establish its first South Carolina operation in Orangeburg County.",The first production lines in the new facility are expected to be operational in the first quarter of 2029.,Ferrara Candy Company broke ground in Orangeburg this week.
20,2026-09-06T00:09:44Z,2026-09-06T00:09:44Z,54,Hyundai Steel Louisiana EAF Steel Mill,Steel,LA,2025-03,5800000000,1300,2029,pending,"PRE-CONSTRUCTION; ceremonial groundbreaking Sept 4, 2026, still awaiting LDEQ air permit before construction commences",-1.0,-1.0,V1,"EAF-based integrated steel mill producing automotive steel plate, 2.7 million metric tons/yr, at RiverPlex MegaPark near Donaldsonville, Ascension Parish, LA. Plant expected to open in 2029.",https://www.prnewswire.com/news-releases/hyundai-steel-announces-5-8-billion-electric-arc-furnace-based-integrated-steel-mill-in-the-us-driving-sustainable-us-steel-production-and-creating-over-1-300-jobs-302409854.html,https://louisianaradionetwork.com/2026/09/04/48069/,Resolved: human-verified and promoted from screen_extracted #54,https://www.opportunitylouisiana.gov/hyundai-steel,2025-03-15,2029-07-01,,"Hyundai Steel Announces $5.8 Billion Electric Arc Furnace-Based Integrated Steel Mill in the US ... March 24, 2025",Commercial production targeted to begin in 2029,pending
21,2026-09-06T14:55:26Z,2026-09-06T14:55:26Z,19,FUJIFILM Diosynth Biotechnologies Holly Springs Facility,Pharmaceuticals,NC,2021-03,2000000000,725,unconfirmed,pending,"OPENED; Phase 1 grand opening Sept 24 2025 (8 x 20,000L bioreactors); finished goods capabilities in 2026; commercial production start not confirmed in release",-1.0,-1.0,V1,"Initial March 2021 announcement was $2B and 725 direct jobs; later expanded to a ~$3.2B total site with a Phase 2 (additional 8 x 20,000L bioreactors, announced 2024) and 1,400 jobs by 2031 -- these are re-announcements/expansions per re-announcement discipline, not summed into promised_capital_usd. As of the Sept 24 2025 grand opening the site employed over 680, on track for 750 by end of 2025.",https://www.commerce.nc.gov/news/press-releases/governor-cooper-announces-north-america%E2%80%99s-largest-end-end-biopharmaceutical,https://fujifilmbiotechnologies.fujifilm.com/about/news/opening-of-commercial-scale-cell-culture-manufacturing-site-in-north-carolina/,"Neither source states a promised first-output date (promise release gives no operational timeline), so promised_first_output = unconfirmed. The Sept 24 2025 grand-opening release celebrates the opening but does not state commercial production has begun and lists finished goods capabilities coming in 2026, so actual_first_output recorded as pending rather than a produced date. A 2026 article implies that this may be happening now.",,2021-03-15,,,"Governor Roy Cooper announced today ... FUJIFILM Diosynth Biotechnologies U.S.A. Inc., a world leading contract development and manufacturing organization (CDMO), will ... build North America's largest end-to-end biopharmaceutical manufacturing facility in Holly Springs (release dated Thursday, March 18, 2021)",No sentence in the announcement mentions when the facility is expected to become operational or begin production.,"FUJIFILM Biotechnologies today celebrated the grand opening of its manufacturing site in Holly Springs, North Carolina. The first phase of the planned $3.2 billion manufacturing site opens with a capacity of 8 x 20,000 liters (L) mammalian cell culture bioreactors to encompass drug product and drug substance manufacturing, while adding finished goods capabilities in 2026."
22,2026-09-06T14:56:06Z,2026-09-06T14:56:06Z,20,Golden Triangle Polymers Petrochemical Facility (Orange),Chemicals and Plastics,TX,2022-11,8500000000,500,2026,pending,"COMMISSIONING/STARTUP; not yet producing, full operation expected 2027",-1.0,-1.0,V1,"2.08M-tpa (2,080 KTA) ethane cracker plus two 1,000-KTA HDPE polyethylene units; ~4,500 construction jobs (not counted as direct). Joint venture: Chevron Phillips Chemical and QatarEnergy.",https://www.cpchem.com/media-events/news/news-release/chevron-phillips-chemical-and-qatarenergy-construct-integrated,https://www.bicmagazine.com/departments/operations/cpchem-golden-triangle-polymers-facility-startup-phase/,"Resolved: human-verified and promoted from screen_extracted #20. Prior extraction flag: Promised-date discrepancy: original announcement said operations begin 2026, but the project-overview page (promised_dat",https://www.goldentrianglepolymers.com/project-overview/,2022-11-15,2026-07-01,,"Nov. 16, 2022 -- Chevron Phillips Chemical and QatarEnergy announced they will construct an $8.5 billion integrated polymers facility in Orange, Texas",expected to begin operations in 2026,"is entering its commissioning and startup phase in 2026, with the facility expected to be fully operational in 2027"
23,2026-09-06T15:12:04Z,2026-09-06T15:12:04Z,22,L-H Battery Company EV/ESS Battery Cell Plant (Fayette County),Battery,OH,2022-10,3500000000,2200,2025-Q4,2026-07,"PRODUCING; mass production of ESS cells begun, initial output shifted from EV to ESS/hybrid cells",3.7,0.7,V1,"Honda-LG Energy Solution joint venture (L-H Battery Company). JV committed $3.5B; overall investment projected to reach $4.4B (recorded $3.5B per re-announcement discipline). ~40GWh planned annual capacity. Currently 1,000+ associates, ramping toward 2,200. Initial output shifted to ESS cells (plus hybrid-EV cells) rather than the originally planned EV batteries.",https://global.honda/en/newsroom/news/2022/c221011aeng.html,https://lhbattery.com/l-h-battery-company-begins-mass-production-of-ess-battery-cells-in-fayette-county-ohio/,Resolved: human-verified and promoted from screen_extracted #22. Prior extraction flag: promised_date_source (governor.ohio.gov) returned HTTP 404 and could not be read; promised first-output date ('by the en,https://governor.ohio.gov/media/news-and-media/governor-dewine-announces-honda-to-invest-in-ohio-for-electric-vehicle-production-including-new-battery-plant-with-lg-energy-solution-10112022,2022-10-15,2025-11-15,2026-07-15,"Oct 11, 2022",as it starts mass production of pouch-type lithium-ion batteries by the end of 2025,"L-H Battery Company, Inc. has announced the start of lithium-ion battery cell mass production for energy storage systems (ESS) at the recently completed manufacturing facility in Jeffersonville, Ohio."
24,2026-09-06T15:19:06Z,2026-09-06T15:19:06Z,23,"Toyota Battery Manufacturing North Carolina (TBMNC), Liberty",Battery,NC,2021-12,1290000000,1750,2025,2025-11-12,"PRODUCING; start of production Nov 12, 2025",3.9,0.4,V1,"Initial announcement (Dec 6, 2021) was $1.29B and 1,750 direct jobs; site later expanded to ~$13.9B (nearly $14B) and up to 5,100 jobs, with an additional up to $10B investment announced at the Nov 2025 production start - these are re-announcements/expansions per rule 4, not summed into promised_capital_usd. Plant is in Liberty (Randolph County) at the Greensboro-Randolph Megasite; a JV between Toyota and Toyota Tsusho. Initially produces batteries for hybrid electric vehicles.",https://governor.nc.gov/news/press-releases/2021/12/06/governor-cooper-announces-toyota-will-build-companys-first-north-american-battery-plant-north,https://pressroom.toyota.com/toyota-charges-into-u-s-battery-manufacturing/,"Resolved: human-verified and promoted from screen_extracted #23. Prior extraction flag: Status source states start of production Nov 12, 2025 but does not mention the lead summary's 'batteries began shipping ",https://pressroom.toyota.com/toyota-selects-north-carolina-greensboro-randolph-site-for-new-u-s-automotive-battery-plant/,2021-12-15,2025-07-01,2025-11-12,"Toyota Selects North Carolina Greensboro-Randolph Site for New U.S. Automotive Battery Plant December 06, 2021","When it comes online in 2025, TBMNC will have four production lines, each capable of delivering enough lithium-ion batteries for 200,000 vehicles","LIBERTY, N.C. (Nov. 12, 2025) - Toyota supercharged its multi-pathway approach to global vehicle electrification with the highly anticipated start of production at its all-new battery plant in Liberty, North Carolina."
25,2026-09-06T15:24:26Z,2026-09-06T15:22:58Z,24,Eli Lilly Pleasant Prairie Injectables Expansion,Pharmaceuticals,WI,2024-12,3000000000,750,2028,pending,"APPROVED; final site-plan approval ~March 2025, project start Feb 2025, occupancy of new space targeted March 2026",-1.0,-1.0,V1,"Expansion of a facility Lilly acquired earlier in 2024; produces parenteral (injectable) medicines, device assembly and packaging for diabetes/obesity and future pipeline. Announcement gives no production/first-output date; status source targets occupancy of the new space in March 2026. WEDC cites $3B expansion (~$4B total in WI including land/warehouse purchases); initial announced expansion figure $3B used per re-announcement rule.",https://investor.lilly.com/news-releases/news-release-details/lilly-announces-3-billion-expansion-its-recently-acquired https://wedc.org/gov-evers-eli-lilly-and-company-celebrate-3-billion-expansion-of-manufacturing-facility-in-wisconsin/,https://dailyreporter.com/2025/03/19/eli-lilly-expansion-pleasant-prairie-kenosha-county/,Resolved: human-verified and promoted from screen_extracted #24. Prior extraction flag: promise_source (investor.lilly.com) 403s/times out to WebFetch; read via web.archive.org snapshot http://web.archive.org,https://wedc.org/gov-evers-eli-lilly-and-company-celebrate-3-billion-expansion-of-manufacturing-facility-in-wisconsin/,2024-12-15,2028-07-01,,"Eli Lilly and Company (NYSE: LLY) today announced a $3 billion expansion of the Kenosha County, Wisconsin , manufacturing facility that the company acquired earlier this year. December 5, 2024",The company plans to start construction on the expansion next year.,"As of the March 19, 2025 status article, the approval allows permits needed for construction to begin; the expansion was not yet in production."
