id,datetime,screen_extracted_id,result_status,n_errors,n_warnings,report
1,2026-09-10T03:29:02Z,1,PASS,0,1,"[{""column"": ""flag"", ""level"": ""WARN"", ""message"": ""unresolved flag: The Sept 1 2022 announcement (promise_source) states no production-start date; t""}]"
2,2026-09-10T03:31:00Z,2,PASS,0,1,"[{""column"": ""flag"", ""level"": ""WARN"", ""message"": ""unresolved flag: promise_source now 301-redirects to a generic Ford landing page; read via https:""}]"
3,2026-09-10T03:32:47Z,3,CLEAN,0,0,[]
4,2026-09-10T03:36:36Z,4,PASS,0,1,"[{""column"": ""flag"", ""level"": ""WARN"", ""message"": ""unresolved flag: status_source (pv-magazine-usa) returned HTTP 403 to WebFetch; read via curl wit""}]"
5,2026-09-10T03:37:48Z,5,PASS,0,1,"[{""column"": ""flag"", ""level"": ""WARN"", ""message"": ""unresolved flag: promised_first_output unconfirmed: promise_source gives only a construction-star""}]"
6,2026-09-10T03:40:49Z,6,PASS,0,1,"[{""column"": ""flag"", ""level"": ""WARN"", ""message"": ""unresolved flag: promise_source georgia.org original URL resolves to a generic landing page; read""}]"
7,2026-09-10T03:41:37Z,7,CLEAN,0,0,[]
8,2026-09-10T03:43:19Z,8,PASS,0,1,"[{""column"": ""flag"", ""level"": ""WARN"", ""message"": ""unresolved flag: Announcement gave no promised first-output date; the spring 2027-summer 2028 win""}]"
9,2026-09-10T03:44:55Z,9,PASS,0,1,"[{""column"": ""flag"", ""level"": ""WARN"", ""message"": ""unresolved flag: promised_date_source (businessfacilities.com) 403'd WebFetch; read via curl brow""}]"
10,2026-09-10T03:46:11Z,10,PASS,0,1,"[{""column"": ""flag"", ""level"": ""WARN"", ""message"": ""unresolved flag: No lead source states a production/operations start date; the only forward date ""}]"
11,2026-09-10T03:46:57Z,11,CLEAN,0,0,[]
12,2026-09-10T03:48:44Z,12,PASS,0,1,"[{""column"": ""flag"", ""level"": ""WARN"", ""message"": ""unresolved flag: promise_source 302-redirects to newkentuckyhome.ky.gov (read there). status_sour""}]"
13,2026-09-10T03:49:31Z,13,CLEAN,0,0,[]
14,2026-09-10T03:52:01Z,14,PASS,0,1,"[{""column"": ""flag"", ""level"": ""WARN"", ""message"": ""unresolved flag: promise_source 403s to WebFetch and to browser-UA curl; read via https://web.arc""}]"
15,2026-09-10T03:58:10Z,15,PASS,0,1,"[{""column"": ""flag"", ""level"": ""WARN"", ""message"": ""unresolved flag: promise_source: WebFetch timed out and direct curl returned HTTP 403; read via h""}]"
16,2026-09-10T03:59:11Z,16,CLEAN,0,0,[]
17,2026-09-10T04:00:46Z,17,PASS,0,1,"[{""column"": ""flag"", ""level"": ""WARN"", ""message"": ""unresolved flag: status_source (CNBC) proves the plant is producing but does not date first outpu""}]"
18,2026-09-10T04:02:22Z,18,PASS,0,1,"[{""column"": ""flag"", ""level"": ""WARN"", ""message"": ""unresolved flag: promised_date_source (businesswire) 403s to WebFetch and curl; read via https://""}]"
19,2026-09-10T04:04:14Z,19,PASS,0,1,"[{""column"": ""flag"", ""level"": ""WARN"", ""message"": ""unresolved flag: No source among the lead's links states a promised first-output date, so promise""}]"
20,2026-09-10T04:06:24Z,20,PASS,0,1,"[{""column"": ""flag"", ""level"": ""WARN"", ""message"": ""unresolved flag: status_source (Contract Pharma, Sep 24, 2025) reports the site 'has opened' but ""}]"
21,2026-09-10T04:21:17Z,21,CLEAN,0,0,[]
22,2026-09-10T04:22:33Z,22,CLEAN,0,0,[]
23,2026-09-10T04:24:22Z,23,PASS,0,1,"[{""column"": ""flag"", ""level"": ""WARN"", ""message"": ""unresolved flag: promised_jobs not stated in the cited sources; left empty. actual_first_output l""}]"
24,2026-09-10T04:27:07Z,24,PASS,0,1,"[{""column"": ""flag"", ""level"": ""WARN"", ""message"": ""unresolved flag: promise_source and status_source returned HTTP 403 to WebFetch; read via curl br""}]"
25,2026-09-10T04:28:08Z,25,CLEAN,0,0,[]
26,2026-09-10T04:28:59Z,26,CLEAN,0,0,[]
27,2026-09-10T04:30:01Z,27,PASS,0,1,"[{""column"": ""flag"", ""level"": ""WARN"", ""message"": ""unresolved flag: promised_first_output token 2027 approximates the source phrasing 'production ou""}]"
28,2026-09-10T04:31:29Z,28,PASS,0,1,"[{""column"": ""flag"", ""level"": ""WARN"", ""message"": ""unresolved flag: promised_date_source (azcommerce) 403s to WebFetch; read via curl browser UA ove""}]"
29,2026-09-10T04:32:53Z,29,PASS,0,1,"[{""column"": ""flag"", ""level"": ""WARN"", ""message"": ""unresolved flag: Jobs discrepancy: skhynix release says 'more than a thousand new jobs' and CNBC ""}]"
30,2026-09-10T04:34:04Z,30,CLEAN,0,0,[]
31,2026-09-10T04:35:11Z,31,PASS,0,1,"[{""column"": ""flag"", ""level"": ""WARN"", ""message"": ""unresolved flag: promised_first_output only stated coarsely as 'the early 2030s' (from status_sou""}]"
32,2026-09-10T04:36:53Z,32,PASS,0,1,"[{""column"": ""flag"", ""level"": ""WARN"", ""message"": ""unresolved flag: actual_first_output unconfirmed: status_source and the official Nov 7, 2024 open""}]"
33,2026-09-10T04:38:24Z,33,PASS,0,1,"[{""column"": ""flag"", ""level"": ""WARN"", ""message"": ""unresolved flag: status_source (UPI) 403s to WebFetch; read via curl with a browser user agent (H""}]"
34,2026-09-10T04:39:17Z,34,CLEAN,0,0,[]
35,2026-09-10T04:40:32Z,35,CLEAN,0,0,[]
36,2026-09-10T04:41:53Z,36,FAIL,1,0,"[{""column"": ""promised_capital_usd"", ""level"": ""ERROR"", ""message"": ""size floor cannot be established: phase '1B-or-2000-jobs' needs $1,000,000,000 OR 2,000 jobs, and jobs 600 is below it with this cell empty""}]"
37,2026-09-10T04:43:36Z,37,PASS,0,1,"[{""column"": ""flag"", ""level"": ""WARN"", ""message"": ""unresolved flag: promise_source (VEDP) states no production date; promised_first_output=2027 is t""}]"
43,2026-09-10T04:53:01Z,43,CLEAN,0,0,[]
44,2026-09-10T04:54:43Z,44,PASS,0,1,"[{""column"": ""flag"", ""level"": ""WARN"", ""message"": ""unresolved flag: promised_jobs left empty: promise_source gives only an aggregate (~11,000 jobs a""}]"
45,2026-09-10T04:56:30Z,45,PASS,0,1,"[{""column"": ""flag"", ""level"": ""WARN"", ""message"": ""unresolved flag: Announcement month discrepancy: lead summary says November 2023, but the promise""}]"
46,2026-09-10T04:57:59Z,46,PASS,0,1,"[{""column"": ""flag"", ""level"": ""WARN"", ""message"": ""unresolved flag: promise_source 403s to WebFetch and to a browser-UA curl; read via https://web.a""}]"
47,2026-09-10T04:59:42Z,47,PASS,0,1,"[{""column"": ""flag"", ""level"": ""WARN"", ""message"": ""unresolved flag: actual_first_output set to 'never' (cancelled): state declared default and is cl""}]"
48,2026-09-10T05:01:00Z,48,CLEAN,0,0,[]
49,2026-09-10T05:01:58Z,49,PASS,0,1,"[{""column"": ""flag"", ""level"": ""WARN"", ""message"": ""unresolved flag: Capital discrepancy: promise_source states ~$4B FID; status_source (Aug 2026) ci""}]"
50,2026-09-10T05:04:20Z,50,PASS,0,1,"[{""column"": ""flag"", ""level"": ""WARN"", ""message"": ""unresolved flag: promise_source states no promised first-output date, so promised_first_output=un""}]"
51,2026-09-10T05:08:06Z,51,PASS,0,1,"[{""column"": ""flag"", ""level"": ""WARN"", ""message"": ""unresolved flag: promise_source states no promised first-output date, so promised_first_output le""}]"
52,2026-09-10T05:09:51Z,52,PASS,0,1,"[{""column"": ""flag"", ""level"": ""WARN"", ""message"": ""unresolved flag: status_source returned HTTP 403 to WebFetch; read via curl browser user-agent (H""}]"
53,2026-09-10T05:11:18Z,53,PASS,0,1,"[{""column"": ""flag"", ""level"": ""WARN"", ""message"": ""unresolved flag: Other used; candidate new sector: Aluminum (non-ferrous metals) -- aluminum recy""}]"
54,2026-09-10T05:13:32Z,54,PASS,0,1,"[{""column"": ""flag"", ""level"": ""WARN"", ""message"": ""unresolved flag: All three sources 403'd WebFetch; read via curl browser UA over HTTP/1.1 (ladder""}]"
55,2026-09-10T05:14:55Z,55,PASS,0,1,"[{""column"": ""flag"", ""level"": ""WARN"", ""message"": ""unresolved flag: status_source (May 1 2025 restart release) proves G3 is producing but does not d""}]"
56,2026-09-10T05:16:26Z,56,PASS,0,1,"[{""column"": ""flag"", ""level"": ""WARN"", ""message"": ""unresolved flag: status_source 403s to WebFetch; read via curl browser UA over HTTP/1.1. Initial-""}]"
57,2026-09-10T05:18:06Z,57,PASS,0,1,"[{""column"": ""flag"", ""level"": ""WARN"", ""message"": ""unresolved flag: promise_source 403'd to WebFetch; read via curl browser UA (HTTP 200). No promis""}]"
58,2026-09-10T05:19:14Z,58,CLEAN,0,0,[]
59,2026-09-10T05:21:21Z,59,PASS,0,1,"[{""column"": ""flag"", ""level"": ""WARN"", ""message"": ""unresolved flag: promise_source (CNBC) 403'd WebFetch; read via curl browser UA (ladder step 2). ""}]"
60,2026-09-10T05:23:36Z,60,PASS,0,1,"[{""column"": ""flag"", ""level"": ""WARN"", ""message"": ""unresolved flag: promise_source (Business Wire) returned HTTP 403 to WebFetch and curl; read via ""}]"
61,2026-09-10T05:26:11Z,61,PASS,0,1,"[{""column"": ""flag"", ""level"": ""WARN"", ""message"": ""unresolved flag: commerce.gov and upi.com returned 403 to WebFetch; read via curl with a browser ""}]"
62,2026-09-10T05:27:21Z,62,PASS,0,1,"[{""column"": ""flag"", ""level"": ""WARN"", ""message"": ""unresolved flag: promised_date_source (airproducts.com) 403s to WebFetch; read via curl with a br""}]"
63,2026-09-10T05:30:15Z,63,PASS,0,1,"[{""column"": ""flag"", ""level"": ""WARN"", ""message"": ""unresolved flag: promised_date_source (corporate.arcelormittal.com) unreadable: WebFetch 403, cur""}]"
64,2026-09-10T05:32:06Z,64,PASS,0,1,"[{""column"": ""flag"", ""level"": ""WARN"", ""message"": ""unresolved flag: Other used; candidate new sector: Aluminum / Non-ferrous metals (aluminum flat-r""}]"
65,2026-09-10T05:33:57Z,65,PASS,0,1,"[{""column"": ""flag"", ""level"": ""WARN"", ""message"": ""unresolved flag: promised_date_source (detroitnews.com) returns HTTP 402 to WebFetch and a curl r""}]"
66,2026-09-10T05:35:34Z,66,PASS,0,1,"[{""column"": ""flag"", ""level"": ""WARN"", ""message"": ""unresolved flag: status_source confirms the facility was inaugurated Sep 26, 2024 but does not st""}]"
67,2026-09-10T05:36:22Z,67,CLEAN,0,0,[]
68,2026-09-10T05:37:12Z,68,PASS,0,1,"[{""column"": ""flag"", ""level"": ""WARN"", ""message"": ""unresolved flag: promised_first_output token 2027 is read from the announcement's target of full ""}]"
69,2026-09-10T05:39:39Z,69,PASS,0,1,"[{""column"": ""flag"", ""level"": ""WARN"", ""message"": ""unresolved flag: promise_source (abc10) 403s to WebFetch and curl; read via https://web.archive.o""}]"
70,2026-09-10T05:41:48Z,70,PASS,0,1,"[{""column"": ""flag"", ""level"": ""WARN"", ""message"": ""unresolved flag: promise_source https://www.hyundainews.com/releases/3711 loaded only a JavaScrip""}]"
71,2026-09-10T05:42:55Z,71,PASS,0,1,"[{""column"": ""flag"", ""level"": ""WARN"", ""message"": ""unresolved flag: Neither source states a promised first-output/production date (promised_first_ou""}]"
72,2026-09-10T05:44:12Z,72,PASS,0,1,"[{""column"": ""flag"", ""level"": ""WARN"", ""message"": ""unresolved flag: Neither source states a promised first-output/production date, so promised_first""}]"
73,2026-09-10T05:45:56Z,73,PASS,0,1,"[{""column"": ""flag"", ""level"": ""WARN"", ""message"": ""unresolved flag: promise_source 403s to WebFetch; read via curl with a browser user agent (HTTP 2""}]"
74,2026-09-10T05:48:20Z,74,PASS,0,1,"[{""column"": ""flag"", ""level"": ""WARN"", ""message"": ""unresolved flag: sector Other used; candidate new sector: Paper and Packaging (coated recycled pa""}]"
75,2026-09-10T05:49:57Z,75,PASS,0,1,"[{""column"": ""flag"", ""level"": ""WARN"", ""message"": ""unresolved flag: status_source (electrive) confirms the plant is producing but does not date firs""}]"
76,2026-09-10T05:51:09Z,76,PASS,0,1,"[{""column"": ""flag"", ""level"": ""WARN"", ""message"": ""unresolved flag: Promised first output was second half of 2025 (promise_source and promised_date_""}]"
77,2026-09-10T05:54:05Z,77,PASS,0,1,"[{""column"": ""flag"", ""level"": ""WARN"", ""message"": ""unresolved flag: Announcement day differs across sources (ESD release dated Nov 13, 2025; Fierce ""}]"
78,2026-09-10T05:55:38Z,78,PASS,0,1,"[{""column"": ""flag"", ""level"": ""WARN"", ""message"": ""unresolved flag: status_source returned HTTP 406 to WebFetch; read via curl with a browser user a""}]"
79,2026-09-10T05:56:24Z,79,CLEAN,0,0,[]
80,2026-09-10T05:59:44Z,80,PASS,0,1,"[{""column"": ""flag"", ""level"": ""WARN"", ""message"": ""unresolved flag: promised_date_source (investor.gm.com) timed out then returned HTTP 403 via curl""}]"
81,2026-09-10T06:02:18Z,81,PASS,0,1,"[{""column"": ""flag"", ""level"": ""WARN"", ""message"": ""unresolved flag: promise_source and status_source establish LFP cell production but neither dates""}]"
82,2026-09-10T06:03:26Z,82,CLEAN,0,0,[]
83,2026-09-10T06:04:50Z,83,PASS,0,1,"[{""column"": ""flag"", ""level"": ""WARN"", ""message"": ""unresolved flag: Other used; candidate new sector: Aluminum / Primary Metals (primary aluminium s""}]"
84,2026-09-10T06:06:40Z,84,PASS,0,1,"[{""column"": ""flag"", ""level"": ""WARN"", ""message"": ""unresolved flag: status_source (WWLTV) returns HTTP 403 to WebFetch and to browser-UA curl; read ""}]"
85,2026-09-10T06:09:49Z,85,PASS,0,1,"[{""column"": ""flag"", ""level"": ""WARN"", ""message"": ""unresolved flag: status_source 403s to WebFetch; read via curl with a browser user agent. promise""}]"
86,2026-09-10T06:12:29Z,86,PASS,0,1,"[{""column"": ""flag"", ""level"": ""WARN"", ""message"": ""unresolved flag: promise_source (investors.micron.com) 404s to WebFetch and curl; read via web.ar""}]"
87,2026-09-10T06:18:57Z,87,FAIL,2,1,"[{""column"": ""promised_capital_usd"", ""level"": ""ERROR"", ""message"": ""size floor cannot be established: phase '1B-or-2000-jobs' needs $1,000,000,000 OR 2,000 jobs, and neither figure is below it with this cell empty""}, {""column"": ""promised_jobs"", ""level"": ""ERROR"", ""message"": ""size floor cannot be established: phase '1B-or-2000-jobs' needs $1,000,000,000 OR 2,000 jobs, and neither figure is below it with this cell empty""}, {""column"": ""flag"", ""level"": ""WARN"", ""message"": ""unresolved flag: Neither lead source states a project capital or direct-jobs figure: promise_sour""}]"
88,2026-09-10T06:22:12Z,88,PASS,0,1,"[{""column"": ""flag"", ""level"": ""WARN"", ""message"": ""unresolved flag: promise_source timed out on WebFetch and 403s to curl; read via web.archive.org ""}]"
89,2026-09-10T06:23:27Z,89,PASS,0,1,"[{""column"": ""flag"", ""level"": ""WARN"", ""message"": ""unresolved flag: status_source 403s to WebFetch; read via curl browser UA over HTTP/1.1. promised""}]"
90,2026-09-10T06:25:14Z,90,PASS,0,1,"[{""column"": ""flag"", ""level"": ""WARN"", ""message"": ""unresolved flag: promise_source domain ir.freyrbattery.com no longer resolves (FREYR rebranded to""}]"
91,2026-09-10T06:27:50Z,91,PASS,0,1,"[{""column"": ""flag"", ""level"": ""WARN"", ""message"": ""unresolved flag: promise_source businesswire 403s to WebFetch and curl (browser UA, HTTP/1.1); re""}]"
92,2026-09-10T06:29:19Z,92,PASS,0,1,"[{""column"": ""flag"", ""level"": ""WARN"", ""message"": ""unresolved flag: promised_date_source (azcommerce.com) 403s to WebFetch; read via curl with a bro""}]"
93,2026-09-10T06:30:03Z,93,CLEAN,0,0,[]
94,2026-09-10T06:31:44Z,94,PASS,0,1,"[{""column"": ""flag"", ""level"": ""WARN"", ""message"": ""unresolved flag: promised_first_output: announcement states no production/first-output target (on""}]"
95,2026-09-10T06:32:58Z,95,PASS,0,1,"[{""column"": ""flag"", ""level"": ""WARN"", ""message"": ""unresolved flag: promised_jobs left empty: the promise release states only a '700 full-time emplo""}]"
96,2026-09-10T06:34:00Z,96,CLEAN,0,0,[]
97,2026-09-10T06:35:00Z,97,PASS,0,1,"[{""column"": ""flag"", ""level"": ""WARN"", ""message"": ""unresolved flag: promise_source does not state a capital figure or a promised production-start da""}]"
98,2026-09-10T06:36:34Z,98,PASS,0,1,"[{""column"": ""flag"", ""level"": ""WARN"", ""message"": ""unresolved flag: Capital discrepancy: $1.2B (incl. $850M federal loan) in promise_source vs $1.25""}]"
99,2026-09-10T06:38:24Z,99,FAIL,2,1,"[{""column"": ""promised_capital_usd"", ""level"": ""ERROR"", ""message"": ""size floor cannot be established: phase '1B-or-2000-jobs' needs $1,000,000,000 OR 2,000 jobs, and neither figure is below it with this cell empty""}, {""column"": ""promised_jobs"", ""level"": ""ERROR"", ""message"": ""size floor cannot be established: phase '1B-or-2000-jobs' needs $1,000,000,000 OR 2,000 jobs, and neither figure is below it with this cell empty""}, {""column"": ""flag"", ""level"": ""WARN"", ""message"": ""unresolved flag: promised_capital_usd and promised_jobs are not stated in either cited source: th""}]"
100,2026-09-10T06:39:13Z,100,CLEAN,0,0,[]
101,2026-09-10T06:40:03Z,101,CLEAN,0,0,[]
102,2026-09-10T06:41:35Z,102,FAIL,1,1,"[{""column"": ""promised_capital_usd"", ""level"": ""ERROR"", ""message"": ""inclusion rule fails: phase '1B-or-2000-jobs' requires $1,000,000,000 OR 2,000 jobs; got capital $700,000,000 and jobs 400""}, {""column"": ""flag"", ""level"": ""WARN"", ""message"": ""unresolved flag: On the initial May 2025 announcement figures ($700M+ capital, ~400 direct manufa""}]"
103,2026-09-10T06:43:30Z,103,PASS,0,1,"[{""column"": ""flag"", ""level"": ""WARN"", ""message"": ""unresolved flag: actual_first_output = pending: this is an expansion of an already-running 787 fi""}]"
104,2026-09-10T06:45:21Z,104,PASS,0,1,"[{""column"": ""flag"", ""level"": ""WARN"", ""message"": ""unresolved flag: promise_source 403s to WebFetch and browser-UA curl; read via https://web.archiv""}]"
105,2026-09-10T06:47:42Z,105,PASS,0,1,"[{""column"": ""flag"", ""level"": ""WARN"", ""message"": ""unresolved flag: Lead's status_source (icis.com) is behind Imperva/Incapsula and has no Wayback s""}]"
106,2026-09-10T06:50:08Z,106,PASS,0,1,"[{""column"": ""flag"", ""level"": ""WARN"", ""message"": ""unresolved flag: actual_first_output not dated by the promise or status sources; the status sourc""}]"
107,2026-09-10T06:53:00Z,107,PASS,0,1,"[{""column"": ""flag"", ""level"": ""WARN"", ""message"": ""unresolved flag: Jobs discrepancy: promise_source (Jan 24, 2025) cites ~1,500 union-represented j""}]"
108,2026-09-10T06:54:13Z,108,PASS,0,1,"[{""column"": ""flag"", ""level"": ""WARN"", ""message"": ""unresolved flag: Neither cited source states a promised/targeted first-output date; promised_firs""}]"
109,2026-09-10T06:56:03Z,109,PASS,0,1,"[{""column"": ""flag"", ""level"": ""WARN"", ""message"": ""unresolved flag: Capital discrepancy: lead summary says ~$1.6B; promise source states Cliffs' net""}]"
110,2026-09-10T06:57:03Z,110,PASS,0,1,"[{""column"": ""flag"", ""level"": ""WARN"", ""message"": ""unresolved flag: promise_source states no production-start date, so promised_first_output is unco""}]"
111,2026-09-10T06:59:38Z,111,PASS,0,1,"[{""column"": ""flag"", ""level"": ""WARN"", ""message"": ""unresolved flag: announced month is not explicitly dated in the release (page schema datePublishe""}]"
112,2026-09-10T07:01:05Z,112,PASS,0,1,"[{""column"": ""flag"", ""level"": ""WARN"", ""message"": ""unresolved flag: status_source 403s to WebFetch; read via curl browser UA (step 2). actual_first_""}]"
113,2026-09-10T07:02:33Z,113,CLEAN,0,0,[]
114,2026-09-10T07:03:47Z,114,PASS,0,1,"[{""column"": ""flag"", ""level"": ""WARN"", ""message"": ""unresolved flag: status_source 403s to WebFetch; read via browser user agent over HTTP/1.1 (ladde""}]"
115,2026-09-10T07:06:12Z,115,PASS,0,1,"[{""column"": ""flag"", ""level"": ""WARN"", ""message"": ""unresolved flag: status_source cip.com live page 404s; read via https://web.archive.org/web/20260""}]"
116,2026-09-10T07:07:24Z,116,PASS,0,1,"[{""column"": ""flag"", ""level"": ""WARN"", ""message"": ""unresolved flag: Minor announcement-date discrepancy: LED release dates the announcement March 11""}]"
117,2026-09-10T07:08:39Z,117,PASS,0,1,"[{""column"": ""flag"", ""level"": ""WARN"", ""message"": ""unresolved flag: status_source's 2026 retrospective cites an original operational target of 2025,""}]"
118,2026-09-10T07:09:48Z,118,CLEAN,0,0,[]
119,2026-09-10T07:11:11Z,119,PASS,0,1,"[{""column"": ""flag"", ""level"": ""WARN"", ""message"": ""unresolved flag: Both sources returned HTTP 403 to WebFetch; read via curl with a browser user ag""}]"
120,2026-09-10T07:13:04Z,120,CLEAN,0,0,[]
121,2026-09-10T07:15:54Z,121,PASS,0,1,"[{""column"": ""flag"", ""level"": ""WARN"", ""message"": ""unresolved flag: promise_source 403s to WebFetch/curl; read via web.archive.org 2025 snapshot of ""}]"
122,2026-09-10T07:17:57Z,122,PASS,0,1,"[{""column"": ""flag"", ""level"": ""WARN"", ""message"": ""unresolved flag: Capital-framing discrepancy: LG May-2023 release states the JV at over USD 4.3B,""}]"
123,2026-09-10T07:19:41Z,123,PASS,0,1,"[{""column"": ""flag"", ""level"": ""WARN"", ""message"": ""unresolved flag: Announcement date discrepancy: lead summary says ~Nov 2020, but promise_source d""}]"
124,2026-09-10T07:23:25Z,124,PASS,0,1,"[{""column"": ""flag"", ""level"": ""WARN"", ""message"": ""unresolved flag: promise_source timed out on WebFetch and 403'd on curl; read via web.archive.org""}]"
125,2026-09-10T07:26:01Z,125,PASS,0,1,"[{""column"": ""flag"", ""level"": ""WARN"", ""message"": ""unresolved flag: promise_source timed out on WebFetch and 403s to a browser-UA curl; read via htt""}]"
126,2026-09-10T07:26:54Z,126,PASS,0,1,"[{""column"": ""flag"", ""level"": ""WARN"", ""message"": ""unresolved flag: Promised-first-output discrepancy: promise_source states Phase 1 online 2027; st""}]"
127,2026-09-10T07:28:06Z,127,PASS,0,1,"[{""column"": ""flag"", ""level"": ""WARN"", ""message"": ""unresolved flag: promised_jobs (200 permanent) and capacity read from status_source, not the prom""}]"
128,2026-09-10T07:32:05Z,128,PASS,0,1,"[{""column"": ""flag"", ""level"": ""WARN"", ""message"": ""unresolved flag: promise_source timed out on WebFetch and curl; read via https://web.archive.org/""}]"
129,2026-09-10T07:33:33Z,129,PASS,0,1,"[{""column"": ""flag"", ""level"": ""WARN"", ""message"": ""unresolved flag: promised first-output source gives a 2025-2027 window ('launch its Indiana opera""}]"
130,2026-09-10T07:34:37Z,130,PASS,0,1,"[{""column"": ""flag"", ""level"": ""WARN"", ""message"": ""unresolved flag: promised_first_output token reflects the campus completion date the source gives""}]"
131,2026-09-10T07:38:03Z,131,PASS,0,1,"[{""column"": ""flag"", ""level"": ""WARN"", ""message"": ""unresolved flag: Other used; candidate new sector: Auto Parts/Components (DENSO makes automotive ""}]"
132,2026-09-10T07:38:56Z,132,CLEAN,0,0,[]
133,2026-09-10T07:42:22Z,133,FAIL,1,1,"[{""column"": ""promised_capital_usd"", ""level"": ""ERROR"", ""message"": ""size floor cannot be established: phase '1B-or-2000-jobs' needs $1,000,000,000 OR 2,000 jobs, and jobs 500 is below it with this cell empty""}, {""column"": ""flag"", ""level"": ""WARN"", ""message"": ""unresolved flag: No total project capital figure is stated in either cited source; the only dolla""}]"
134,2026-09-10T07:43:51Z,134,PASS,0,1,"[{""column"": ""flag"", ""level"": ""WARN"", ""message"": ""unresolved flag: promised_capital_usd stated as a $2-3B range; recorded the $2B low end. announce""}]"
135,2026-09-10T07:45:25Z,135,PASS,0,1,"[{""column"": ""flag"", ""level"": ""WARN"", ""message"": ""unresolved flag: Re-announcement: original scope was ~$2B/300 jobs, scaled to $3B/500 jobs (per v""}]"
136,2026-09-10T07:46:18Z,136,CLEAN,0,0,[]
137,2026-09-10T07:47:48Z,137,PASS,0,1,"[{""column"": ""flag"", ""level"": ""WARN"", ""message"": ""unresolved flag: promise_source (pressroom.toyota.com) returned HTTP 403 to WebFetch and to curl ""}]"
138,2026-09-10T07:50:06Z,138,PASS,0,1,"[{""column"": ""flag"", ""level"": ""WARN"", ""message"": ""unresolved flag: Announcement dated June 8, 2026 (a Monday) per promise_source, not June 9 as in ""}]"
139,2026-09-10T07:51:25Z,139,CLEAN,0,0,[]
140,2026-09-10T07:53:04Z,140,PASS,0,1,"[{""column"": ""flag"", ""level"": ""WARN"", ""message"": ""unresolved flag: promise_source does not state capital; $1.6B taken from status_source headline. ""}]"
141,2026-09-10T07:55:00Z,141,PASS,0,1,"[{""column"": ""flag"", ""level"": ""WARN"", ""message"": ""unresolved flag: status_source confirms the plant is producing but does not date first output; da""}]"
142,2026-09-10T07:55:59Z,142,PASS,0,1,"[{""column"": ""flag"", ""level"": ""WARN"", ""message"": ""unresolved flag: Announcement-date discrepancy: promise_source (PR Newswire) dates it March 24, 2""}]"
143,2026-09-10T07:57:16Z,143,PASS,0,1,"[{""column"": ""flag"", ""level"": ""WARN"", ""message"": ""unresolved flag: Other used; candidate new sector: Aluminum/Primary Metals (aluminum rolling mill""}]"
144,2026-09-10T07:58:19Z,144,PASS,0,1,"[{""column"": ""flag"", ""level"": ""WARN"", ""message"": ""unresolved flag: Neither source states a promised or actual first-output date; plant is pre-const""}]"
145,2026-09-10T07:59:39Z,145,PASS,0,1,"[{""column"": ""flag"", ""level"": ""WARN"", ""message"": ""unresolved flag: Other used; candidate new sector: Shipbuilding. First output is exit (c): the $5""}]"
146,2026-09-10T08:02:12Z,146,PASS,0,1,"[{""column"": ""flag"", ""level"": ""WARN"", ""message"": ""unresolved flag: promise_source 403s to WebFetch and curl; read via https://web.archive.org/web/2""}]"
147,2026-09-10T08:03:59Z,147,PASS,0,1,"[{""column"": ""flag"", ""level"": ""WARN"", ""message"": ""unresolved flag: promised_first_output not dated by either source (WHYY: no opening date set); to""}]"
148,2026-09-10T08:05:22Z,148,PASS,0,1,"[{""column"": ""flag"", ""level"": ""WARN"", ""message"": ""unresolved flag: No explicit promised commercial-production date stated in either cited source; a""}]"
149,2026-09-10T08:06:38Z,149,PASS,0,1,"[{""column"": ""flag"", ""level"": ""WARN"", ""message"": ""unresolved flag: Other used; candidate new sector: Renewable Fuels (SAF/renewable diesel biorefin""}]"
150,2026-09-10T08:07:43Z,150,PASS,0,1,"[{""column"": ""flag"", ""level"": ""WARN"", ""message"": ""unresolved flag: Neither source states a promised first-output date; recorded promised_first_outp""}]"
151,2026-09-10T08:09:17Z,151,FAIL,1,1,"[{""column"": ""promised_capital_usd"", ""level"": ""ERROR"", ""message"": ""inclusion rule fails: phase '1B-or-2000-jobs' requires $1,000,000,000 OR 2,000 jobs; got capital $900,000,000 and jobs 1,100""}, {""column"": ""flag"", ""level"": ""WARN"", ""message"": ""unresolved flag: Original announcement figures ($900M, 1,100 direct jobs) clear neither the $1B n""}]"
152,2026-09-10T08:11:10Z,152,PASS,0,1,"[{""column"": ""flag"", ""level"": ""WARN"", ""message"": ""unresolved flag: status_source (eh2.com) only confirms the project is a planned future deployment""}]"
153,2026-09-10T08:12:29Z,153,PASS,0,1,"[{""column"": ""flag"", ""level"": ""WARN"", ""message"": ""unresolved flag: Announcement dated February 6, 2023 in the source, not Feb 15 as the lead summar""}]"
154,2026-09-10T08:16:12Z,154,PASS,0,1,"[{""column"": ""flag"", ""level"": ""WARN"", ""message"": ""unresolved flag: announced anchor (2025-03) reflects the March 11, 2025 facility OPENING document""}]"
155,2026-09-10T08:17:20Z,155,PASS,0,1,"[{""column"": ""flag"", ""level"": ""WARN"", ""message"": ""unresolved flag: Announcement date differs between sources: L3Harris release dated Apr 15, 2026; ""}]"
156,2026-09-10T08:18:44Z,156,CLEAN,0,0,[]
157,2026-09-10T08:21:12Z,157,PASS,0,1,"[{""column"": ""flag"", ""level"": ""WARN"", ""message"": ""unresolved flag: promise_source and status_source both 403'd to WebFetch; read via curl with a br""}]"
158,2026-09-10T08:28:54Z,158,FAIL,2,1,"[{""column"": ""promised_capital_usd"", ""level"": ""ERROR"", ""message"": ""size floor cannot be established: phase '1B-or-2000-jobs' needs $1,000,000,000 OR 2,000 jobs, and neither figure is below it with this cell empty""}, {""column"": ""promised_jobs"", ""level"": ""ERROR"", ""message"": ""size floor cannot be established: phase '1B-or-2000-jobs' needs $1,000,000,000 OR 2,000 jobs, and neither figure is below it with this cell empty""}, {""column"": ""flag"", ""level"": ""WARN"", ""message"": ""unresolved flag: promise_source (Enterprise IR release) unreachable: WebFetch timed out on every ""}]"
159,2026-09-10T08:29:52Z,159,CLEAN,0,0,[]
160,2026-09-10T08:34:27Z,160,FAIL,1,1,"[{""column"": ""announced"", ""level"": ""ERROR"", ""message"": ""must be YYYY-MM (the row anchor), got '2019'""}, {""column"": ""flag"", ""level"": ""WARN"", ""message"": ""unresolved flag: announced given only as year 2019 in status_source (leasing began 2019 with inte""}]"
161,2026-09-10T08:37:14Z,161,PASS,0,1,"[{""column"": ""flag"", ""level"": ""WARN"", ""message"": ""unresolved flag: promised_capital_usd uses the ~$1.2B original project estimate (status_source); ""}]"
162,2026-09-10T08:38:10Z,162,PASS,0,1,"[{""column"": ""flag"", ""level"": ""WARN"", ""message"": ""unresolved flag: No source states a calendar year for promised first output; status_source gives ""}]"
163,2026-09-10T08:39:41Z,163,PASS,0,1,"[{""column"": ""flag"", ""level"": ""WARN"", ""message"": ""unresolved flag: promised_jobs omitted: release's 'more than 18,000 jobs' is a 2019-2024 regional""}]"
164,2026-09-10T08:40:41Z,164,PASS,0,1,"[{""column"": ""flag"", ""level"": ""WARN"", ""message"": ""unresolved flag: Announcement date differs between sources: WFAE dates it 2026-07-29; Octapharma ""}]"
165,2026-09-10T08:42:20Z,165,PASS,0,1,"[{""column"": ""flag"", ""level"": ""WARN"", ""message"": ""unresolved flag: No source states a promised production/first-output date; status_source only dat""}]"
166,2026-09-10T08:44:41Z,166,FAIL,1,1,"[{""column"": ""promised_capital_usd"", ""level"": ""ERROR"", ""message"": ""size floor cannot be established: phase '1B-or-2000-jobs' needs $1,000,000,000 OR 2,000 jobs, and jobs 540 is below it with this cell empty""}, {""column"": ""flag"", ""level"": ""WARN"", ""message"": ""unresolved flag: promised_capital_usd left empty: the only dollar figure in the cited sources is ""}]"
167,2026-09-10T08:46:11Z,167,PASS,0,1,"[{""column"": ""flag"", ""level"": ""WARN"", ""message"": ""unresolved flag: promise_source (21alive) states 2,000+ jobs but no capital figure; promised_capi""}]"
168,2026-09-10T08:47:01Z,168,PASS,0,1,"[{""column"": ""flag"", ""level"": ""WARN"", ""message"": ""unresolved flag: Other used; candidate new sector: Rare Earth Metals and Magnets. Announcement da""}]"
169,2026-09-10T08:51:22Z,169,FAIL,1,1,"[{""column"": ""promised_capital_usd"", ""level"": ""ERROR"", ""message"": ""size floor cannot be established: phase '1B-or-2000-jobs' needs $1,000,000,000 OR 2,000 jobs, and jobs 90 is below it with this cell empty""}, {""column"": ""flag"", ""level"": ""WARN"", ""message"": ""unresolved flag: promise_source timed out on WebFetch and 403s to curl; read via https://web.arch""}]"
170,2026-09-10T08:52:35Z,170,PASS,0,1,"[{""column"": ""flag"", ""level"": ""WARN"", ""message"": ""unresolved flag: promised_jobs left empty: the 3,200 figure in the sources is current employment ""}]"
171,2026-09-10T08:54:10Z,171,PASS,0,1,"[{""column"": ""flag"", ""level"": ""WARN"", ""message"": ""unresolved flag: promised_jobs left empty: promise_source cites only ~2,000 construction jobs (ex""}]"
172,2026-09-10T08:56:44Z,172,FAIL,1,1,"[{""column"": ""promised_capital_usd"", ""level"": ""ERROR"", ""message"": ""inclusion rule fails: phase '1B-or-2000-jobs' requires $1,000,000,000 OR 2,000 jobs; got capital $600,000,000 and jobs 500""}, {""column"": ""flag"", ""level"": ""WARN"", ""message"": ""unresolved flag: Other used; candidate new sector: Nicotine/Tobacco products. Size-floor caveat: ""}]"
173,2026-09-10T08:58:00Z,173,PASS,0,1,"[{""column"": ""flag"", ""level"": ""WARN"", ""message"": ""unresolved flag: Neither source states a promised first-output/production date, so promised_first""}]"
174,2026-09-10T08:58:42Z,174,PASS,0,1,"[{""column"": ""flag"", ""level"": ""WARN"", ""message"": ""unresolved flag: Other used; candidate new sector: Rare-earth permanent magnets""}]"
175,2026-09-10T09:00:03Z,175,PASS,0,1,"[{""column"": ""flag"", ""level"": ""WARN"", ""message"": ""unresolved flag: promised_capital_usd: the GSK release states 'The $1.2 billion investment includ""}]"
176,2026-09-10T09:02:31Z,176,PASS,0,1,"[{""column"": ""flag"", ""level"": ""WARN"", ""message"": ""unresolved flag: Date discrepancy: status_source (Detroit News, Aug 13 2026) says 'Ford announced""}]"
177,2026-09-10T09:04:06Z,177,PASS,0,1,"[{""column"": ""flag"", ""level"": ""WARN"", ""message"": ""unresolved flag: promised_jobs omitted: only figure is ~200 stated as regional ('could create app""}]"
178,2026-09-10T09:05:24Z,178,PASS,0,1,"[{""column"": ""flag"", ""level"": ""WARN"", ""message"": ""unresolved flag: Announcement date discrepancy: lead summary says April 21, 2022 but promise_sour""}]"
179,2026-09-14T21:07:14Z,36,FAIL,1,0,"[{""column"": ""promised_capital_usd"", ""level"": ""ERROR"", ""message"": ""size floor cannot be established: phase '1B-or-2000-jobs' needs $1,000,000,000 OR 2,000 jobs, and jobs 600 is below it with this cell empty""}]"
180,2026-09-14T21:07:40Z,36,FAIL,1,0,"[{""column"": ""promised_capital_usd"", ""level"": ""ERROR"", ""message"": ""size floor cannot be established: phase '1B-or-2000-jobs' needs $1,000,000,000 OR 2,000 jobs, and jobs 600 is below it with this cell empty""}]"
181,2026-09-14T21:08:37Z,36,FAIL,1,0,"[{""column"": ""promised_capital_usd"", ""level"": ""ERROR"", ""message"": ""size floor cannot be established: phase '1B-or-2000-jobs' needs $1,000,000,000 OR 2,000 jobs, and jobs 600 is below it with this cell empty""}]"
182,2026-09-14T21:08:45Z,36,FAIL,1,0,"[{""column"": ""promised_capital_usd"", ""level"": ""ERROR"", ""message"": ""size floor cannot be established: phase '1B-or-2000-jobs' needs $1,000,000,000 OR 2,000 jobs, and jobs 600 is below it with this cell empty""}]"
183,2026-09-19T20:12:13Z,1,PASS,0,1,"[{""column"": ""flag"", ""level"": ""WARN"", ""message"": ""unresolved flag: The Sept 1 2022 announcement (promise_source) states no production-start date; t""}]"
184,2026-09-19T20:12:13Z,2,PASS,0,1,"[{""column"": ""flag"", ""level"": ""WARN"", ""message"": ""unresolved flag: promise_source now 301-redirects to a generic Ford landing page; read via https:""}]"
185,2026-09-19T20:12:13Z,3,CLEAN,0,0,[]
186,2026-09-19T20:12:13Z,4,PASS,0,1,"[{""column"": ""flag"", ""level"": ""WARN"", ""message"": ""unresolved flag: status_source (pv-magazine-usa) returned HTTP 403 to WebFetch; read via curl wit""}]"
187,2026-09-19T20:12:13Z,5,PASS,0,1,"[{""column"": ""flag"", ""level"": ""WARN"", ""message"": ""unresolved flag: promised_first_output n/a: promise_source gives only a construction-start ('as s""}]"
188,2026-09-19T20:12:13Z,6,PASS,0,1,"[{""column"": ""flag"", ""level"": ""WARN"", ""message"": ""unresolved flag: promise_source georgia.org original URL resolves to a generic landing page; read""}]"
189,2026-09-19T20:12:13Z,7,CLEAN,0,0,[]
190,2026-09-19T20:12:13Z,8,PASS,0,1,"[{""column"": ""flag"", ""level"": ""WARN"", ""message"": ""unresolved flag: Announcement gave no promised first-output date; the spring 2027-summer 2028 win""}]"
191,2026-09-19T20:12:13Z,9,PASS,0,1,"[{""column"": ""flag"", ""level"": ""WARN"", ""message"": ""unresolved flag: promised_date_source (businessfacilities.com) 403'd WebFetch; read via curl brow""}]"
192,2026-09-19T20:12:13Z,10,PASS,0,1,"[{""column"": ""flag"", ""level"": ""WARN"", ""message"": ""unresolved flag: No lead source states a production/operations start date; the only forward date ""}]"
193,2026-09-19T20:12:13Z,11,CLEAN,0,0,[]
194,2026-09-19T20:12:13Z,12,PASS,0,1,"[{""column"": ""flag"", ""level"": ""WARN"", ""message"": ""unresolved flag: promise_source 302-redirects to newkentuckyhome.ky.gov (read there). status_sour""}]"
195,2026-09-19T20:12:13Z,13,CLEAN,0,0,[]
196,2026-09-19T20:12:13Z,14,PASS,0,1,"[{""column"": ""flag"", ""level"": ""WARN"", ""message"": ""unresolved flag: promise_source 403s to WebFetch and to browser-UA curl; read via https://web.arc""}]"
197,2026-09-19T20:12:13Z,15,PASS,0,1,"[{""column"": ""flag"", ""level"": ""WARN"", ""message"": ""unresolved flag: promise_source: WebFetch timed out and direct curl returned HTTP 403; read via h""}]"
198,2026-09-19T20:12:13Z,16,CLEAN,0,0,[]
199,2026-09-19T20:12:13Z,17,PASS,0,1,"[{""column"": ""flag"", ""level"": ""WARN"", ""message"": ""unresolved flag: status_source (CNBC) proves the plant is producing but does not date first outpu""}]"
200,2026-09-19T20:12:13Z,18,PASS,0,1,"[{""column"": ""flag"", ""level"": ""WARN"", ""message"": ""unresolved flag: promised_date_source (businesswire) 403s to WebFetch and curl; read via https://""}]"
201,2026-09-19T20:12:13Z,19,PASS,0,1,"[{""column"": ""flag"", ""level"": ""WARN"", ""message"": ""unresolved flag: No source among the lead's links states a promised first-output date, so promise""}]"
202,2026-09-19T20:12:13Z,20,PASS,0,1,"[{""column"": ""flag"", ""level"": ""WARN"", ""message"": ""unresolved flag: status_source (Contract Pharma, Sep 24, 2025) reports the site 'has opened' but ""}]"
203,2026-09-19T20:12:13Z,21,CLEAN,0,0,[]
204,2026-09-19T20:12:13Z,22,CLEAN,0,0,[]
205,2026-09-19T20:12:13Z,23,PASS,0,1,"[{""column"": ""flag"", ""level"": ""WARN"", ""message"": ""unresolved flag: promised_jobs not stated in the cited sources; left empty. actual_first_output l""}]"
206,2026-09-19T20:12:13Z,24,PASS,0,1,"[{""column"": ""flag"", ""level"": ""WARN"", ""message"": ""unresolved flag: promise_source and status_source returned HTTP 403 to WebFetch; read via curl br""}]"
207,2026-09-19T20:12:13Z,25,CLEAN,0,0,[]
208,2026-09-19T20:12:13Z,26,CLEAN,0,0,[]
209,2026-09-19T20:12:13Z,27,PASS,0,1,"[{""column"": ""flag"", ""level"": ""WARN"", ""message"": ""unresolved flag: promised_first_output token 2027 approximates the source phrasing 'production ou""}]"
210,2026-09-19T20:12:13Z,28,PASS,0,1,"[{""column"": ""flag"", ""level"": ""WARN"", ""message"": ""unresolved flag: promised_date_source (azcommerce) 403s to WebFetch; read via curl browser UA ove""}]"
211,2026-09-19T20:12:13Z,29,PASS,0,1,"[{""column"": ""flag"", ""level"": ""WARN"", ""message"": ""unresolved flag: Jobs discrepancy: skhynix release says 'more than a thousand new jobs' and CNBC ""}]"
212,2026-09-19T20:12:13Z,30,CLEAN,0,0,[]
213,2026-09-19T20:12:13Z,31,PASS,0,1,"[{""column"": ""flag"", ""level"": ""WARN"", ""message"": ""unresolved flag: promised_first_output only stated coarsely as 'the early 2030s' (from status_sou""}]"
214,2026-09-19T20:12:13Z,32,PASS,0,1,"[{""column"": ""flag"", ""level"": ""WARN"", ""message"": ""unresolved flag: actual_first_output unconfirmed: status_source and the official Nov 7, 2024 open""}]"
215,2026-09-19T20:12:13Z,33,PASS,0,1,"[{""column"": ""flag"", ""level"": ""WARN"", ""message"": ""unresolved flag: status_source (UPI) 403s to WebFetch; read via curl with a browser user agent (H""}]"
216,2026-09-19T20:12:13Z,34,CLEAN,0,0,[]
217,2026-09-19T20:12:13Z,35,CLEAN,0,0,[]
218,2026-09-19T20:12:13Z,36,FAIL,1,0,"[{""column"": ""promised_capital_usd"", ""level"": ""ERROR"", ""message"": ""size floor cannot be established: phase '1B-or-2000-jobs' needs $1,000,000,000 OR 2,000 jobs, and jobs 600 is below it with this cell empty""}]"
219,2026-09-19T20:12:13Z,37,PASS,0,1,"[{""column"": ""flag"", ""level"": ""WARN"", ""message"": ""unresolved flag: promise_source (VEDP) states no production date; promised_first_output=2027 is t""}]"
220,2026-09-19T20:12:13Z,43,CLEAN,0,0,[]
221,2026-09-19T20:12:13Z,44,PASS,0,1,"[{""column"": ""flag"", ""level"": ""WARN"", ""message"": ""unresolved flag: promised_jobs left empty: promise_source gives only an aggregate (~11,000 jobs a""}]"
222,2026-09-19T20:12:13Z,45,PASS,0,1,"[{""column"": ""flag"", ""level"": ""WARN"", ""message"": ""unresolved flag: Announcement month discrepancy: lead summary says November 2023, but the promise""}]"
223,2026-09-19T20:12:13Z,46,PASS,0,1,"[{""column"": ""flag"", ""level"": ""WARN"", ""message"": ""unresolved flag: promise_source 403s to WebFetch and to a browser-UA curl; read via https://web.a""}]"
224,2026-09-19T20:12:13Z,47,PASS,0,1,"[{""column"": ""flag"", ""level"": ""WARN"", ""message"": ""unresolved flag: actual_first_output set to 'never' (cancelled): state declared default and is cl""}]"
225,2026-09-19T20:12:13Z,48,CLEAN,0,0,[]
226,2026-09-19T20:12:13Z,49,PASS,0,1,"[{""column"": ""flag"", ""level"": ""WARN"", ""message"": ""unresolved flag: Capital discrepancy: promise_source states ~$4B FID; status_source (Aug 2026) ci""}]"
227,2026-09-19T20:12:13Z,50,PASS,0,1,"[{""column"": ""flag"", ""level"": ""WARN"", ""message"": ""unresolved flag: promise_source states no promised first-output date, so promised_first_output=n/""}]"
228,2026-09-19T20:12:13Z,51,PASS,0,1,"[{""column"": ""flag"", ""level"": ""WARN"", ""message"": ""unresolved flag: promise_source states no promised first-output date, so promised_first_output le""}]"
229,2026-09-19T20:12:13Z,52,PASS,0,1,"[{""column"": ""flag"", ""level"": ""WARN"", ""message"": ""unresolved flag: status_source returned HTTP 403 to WebFetch; read via curl browser user-agent (H""}]"
230,2026-09-19T20:12:13Z,53,PASS,0,1,"[{""column"": ""flag"", ""level"": ""WARN"", ""message"": ""unresolved flag: Other used; candidate new sector: Aluminum (non-ferrous metals) -- aluminum recy""}]"
231,2026-09-19T20:12:13Z,54,PASS,0,1,"[{""column"": ""flag"", ""level"": ""WARN"", ""message"": ""unresolved flag: All three sources 403'd WebFetch; read via curl browser UA over HTTP/1.1 (ladder""}]"
232,2026-09-19T20:12:13Z,55,PASS,0,1,"[{""column"": ""flag"", ""level"": ""WARN"", ""message"": ""unresolved flag: status_source (May 1 2025 restart release) proves G3 is producing but does not d""}]"
233,2026-09-19T20:12:13Z,56,PASS,0,1,"[{""column"": ""flag"", ""level"": ""WARN"", ""message"": ""unresolved flag: status_source 403s to WebFetch; read via curl browser UA over HTTP/1.1. Initial-""}]"
234,2026-09-19T20:12:13Z,57,PASS,0,1,"[{""column"": ""flag"", ""level"": ""WARN"", ""message"": ""unresolved flag: promise_source 403'd to WebFetch; read via curl browser UA (HTTP 200). No promis""}]"
235,2026-09-19T20:12:13Z,58,CLEAN,0,0,[]
236,2026-09-19T20:12:13Z,59,PASS,0,1,"[{""column"": ""flag"", ""level"": ""WARN"", ""message"": ""unresolved flag: promise_source (CNBC) 403'd WebFetch; read via curl browser UA (ladder step 2). ""}]"
237,2026-09-19T20:12:13Z,60,PASS,0,1,"[{""column"": ""flag"", ""level"": ""WARN"", ""message"": ""unresolved flag: promise_source (Business Wire) returned HTTP 403 to WebFetch and curl; read via ""}]"
238,2026-09-19T20:12:13Z,61,PASS,0,1,"[{""column"": ""flag"", ""level"": ""WARN"", ""message"": ""unresolved flag: commerce.gov and upi.com returned 403 to WebFetch; read via curl with a browser ""}]"
239,2026-09-19T20:12:13Z,62,PASS,0,1,"[{""column"": ""flag"", ""level"": ""WARN"", ""message"": ""unresolved flag: promised_date_source (airproducts.com) 403s to WebFetch; read via curl with a br""}]"
240,2026-09-19T20:12:13Z,63,PASS,0,1,"[{""column"": ""flag"", ""level"": ""WARN"", ""message"": ""unresolved flag: promised_date_source (corporate.arcelormittal.com) unreadable: WebFetch 403, cur""}]"
241,2026-09-19T20:12:13Z,64,PASS,0,1,"[{""column"": ""flag"", ""level"": ""WARN"", ""message"": ""unresolved flag: Other used; candidate new sector: Aluminum / Non-ferrous metals (aluminum flat-r""}]"
242,2026-09-19T20:12:13Z,65,PASS,0,1,"[{""column"": ""flag"", ""level"": ""WARN"", ""message"": ""unresolved flag: promised_date_source (detroitnews.com) returns HTTP 402 to WebFetch and a curl r""}]"
243,2026-09-19T20:12:13Z,66,PASS,0,1,"[{""column"": ""flag"", ""level"": ""WARN"", ""message"": ""unresolved flag: status_source confirms the facility was inaugurated Sep 26, 2024 but does not st""}]"
244,2026-09-19T20:12:13Z,67,CLEAN,0,0,[]
245,2026-09-19T20:12:13Z,68,PASS,0,1,"[{""column"": ""flag"", ""level"": ""WARN"", ""message"": ""unresolved flag: promised_first_output token 2027 is read from the announcement's target of full ""}]"
246,2026-09-19T20:12:13Z,69,PASS,0,1,"[{""column"": ""flag"", ""level"": ""WARN"", ""message"": ""unresolved flag: promise_source (abc10) 403s to WebFetch and curl; read via https://web.archive.o""}]"
247,2026-09-19T20:12:13Z,70,PASS,0,1,"[{""column"": ""flag"", ""level"": ""WARN"", ""message"": ""unresolved flag: promise_source https://www.hyundainews.com/releases/3711 loaded only a JavaScrip""}]"
248,2026-09-19T20:12:13Z,71,PASS,0,1,"[{""column"": ""flag"", ""level"": ""WARN"", ""message"": ""unresolved flag: Neither source states a promised first-output/production date (promised_first_ou""}]"
249,2026-09-19T20:12:13Z,72,PASS,0,1,"[{""column"": ""flag"", ""level"": ""WARN"", ""message"": ""unresolved flag: Neither source states a promised first-output/production date, so promised_first""}]"
250,2026-09-19T20:12:13Z,73,PASS,0,1,"[{""column"": ""flag"", ""level"": ""WARN"", ""message"": ""unresolved flag: promise_source 403s to WebFetch; read via curl with a browser user agent (HTTP 2""}]"
251,2026-09-19T20:12:13Z,74,PASS,0,1,"[{""column"": ""flag"", ""level"": ""WARN"", ""message"": ""unresolved flag: sector Other used; candidate new sector: Paper and Packaging (coated recycled pa""}]"
252,2026-09-19T20:12:13Z,75,PASS,0,1,"[{""column"": ""flag"", ""level"": ""WARN"", ""message"": ""unresolved flag: status_source (electrive) confirms the plant is producing but does not date firs""}]"
253,2026-09-19T20:12:13Z,76,PASS,0,1,"[{""column"": ""flag"", ""level"": ""WARN"", ""message"": ""unresolved flag: Promised first output was second half of 2025 (promise_source and promised_date_""}]"
254,2026-09-19T20:12:13Z,77,PASS,0,1,"[{""column"": ""flag"", ""level"": ""WARN"", ""message"": ""unresolved flag: Announcement day differs across sources (ESD release dated Nov 13, 2025; Fierce ""}]"
255,2026-09-19T20:12:13Z,78,PASS,0,1,"[{""column"": ""flag"", ""level"": ""WARN"", ""message"": ""unresolved flag: status_source returned HTTP 406 to WebFetch; read via curl with a browser user a""}]"
256,2026-09-19T20:12:13Z,79,CLEAN,0,0,[]
257,2026-09-19T20:12:13Z,80,PASS,0,1,"[{""column"": ""flag"", ""level"": ""WARN"", ""message"": ""unresolved flag: promised_date_source (investor.gm.com) timed out then returned HTTP 403 via curl""}]"
258,2026-09-19T20:12:13Z,81,PASS,0,1,"[{""column"": ""flag"", ""level"": ""WARN"", ""message"": ""unresolved flag: promise_source and status_source establish LFP cell production but neither dates""}]"
259,2026-09-19T20:12:13Z,82,CLEAN,0,0,[]
260,2026-09-19T20:12:13Z,83,PASS,0,1,"[{""column"": ""flag"", ""level"": ""WARN"", ""message"": ""unresolved flag: Other used; candidate new sector: Aluminum / Primary Metals (primary aluminium s""}]"
261,2026-09-19T20:12:13Z,84,PASS,0,1,"[{""column"": ""flag"", ""level"": ""WARN"", ""message"": ""unresolved flag: status_source (WWLTV) returns HTTP 403 to WebFetch and to browser-UA curl; read ""}]"
262,2026-09-19T20:12:13Z,85,PASS,0,1,"[{""column"": ""flag"", ""level"": ""WARN"", ""message"": ""unresolved flag: status_source 403s to WebFetch; read via curl with a browser user agent. promise""}]"
263,2026-09-19T20:12:13Z,86,PASS,0,1,"[{""column"": ""flag"", ""level"": ""WARN"", ""message"": ""unresolved flag: promise_source (investors.micron.com) 404s to WebFetch and curl; read via web.ar""}]"
264,2026-09-19T20:12:13Z,87,FAIL,2,1,"[{""column"": ""promised_capital_usd"", ""level"": ""ERROR"", ""message"": ""size floor cannot be established: phase '1B-or-2000-jobs' needs $1,000,000,000 OR 2,000 jobs, and neither figure is below it with this cell empty""}, {""column"": ""promised_jobs"", ""level"": ""ERROR"", ""message"": ""size floor cannot be established: phase '1B-or-2000-jobs' needs $1,000,000,000 OR 2,000 jobs, and neither figure is below it with this cell empty""}, {""column"": ""flag"", ""level"": ""WARN"", ""message"": ""unresolved flag: Neither lead source states a project capital or direct-jobs figure: promise_sour""}]"
265,2026-09-19T20:12:13Z,88,PASS,0,1,"[{""column"": ""flag"", ""level"": ""WARN"", ""message"": ""unresolved flag: promise_source timed out on WebFetch and 403s to curl; read via web.archive.org ""}]"
266,2026-09-19T20:12:13Z,89,PASS,0,1,"[{""column"": ""flag"", ""level"": ""WARN"", ""message"": ""unresolved flag: status_source 403s to WebFetch; read via curl browser UA over HTTP/1.1. promised""}]"
267,2026-09-19T20:12:13Z,90,PASS,0,1,"[{""column"": ""flag"", ""level"": ""WARN"", ""message"": ""unresolved flag: promise_source domain ir.freyrbattery.com no longer resolves (FREYR rebranded to""}]"
268,2026-09-19T20:12:13Z,91,PASS,0,1,"[{""column"": ""flag"", ""level"": ""WARN"", ""message"": ""unresolved flag: promise_source businesswire 403s to WebFetch and curl (browser UA, HTTP/1.1); re""}]"
269,2026-09-19T20:12:13Z,92,PASS,0,1,"[{""column"": ""flag"", ""level"": ""WARN"", ""message"": ""unresolved flag: promised_date_source (azcommerce.com) 403s to WebFetch; read via curl with a bro""}]"
270,2026-09-19T20:12:13Z,93,CLEAN,0,0,[]
271,2026-09-19T20:12:13Z,94,PASS,0,1,"[{""column"": ""flag"", ""level"": ""WARN"", ""message"": ""unresolved flag: promised_first_output: announcement states no production/first-output target (on""}]"
272,2026-09-19T20:12:13Z,95,PASS,0,1,"[{""column"": ""flag"", ""level"": ""WARN"", ""message"": ""unresolved flag: promised_jobs left empty: the promise release states only a '700 full-time emplo""}]"
273,2026-09-19T20:12:13Z,96,CLEAN,0,0,[]
274,2026-09-19T20:12:13Z,97,PASS,0,1,"[{""column"": ""flag"", ""level"": ""WARN"", ""message"": ""unresolved flag: promise_source does not state a capital figure or a promised production-start da""}]"
275,2026-09-19T20:12:13Z,98,PASS,0,1,"[{""column"": ""flag"", ""level"": ""WARN"", ""message"": ""unresolved flag: Capital discrepancy: $1.2B (incl. $850M federal loan) in promise_source vs $1.25""}]"
276,2026-09-19T20:12:13Z,99,FAIL,2,1,"[{""column"": ""promised_capital_usd"", ""level"": ""ERROR"", ""message"": ""size floor cannot be established: phase '1B-or-2000-jobs' needs $1,000,000,000 OR 2,000 jobs, and neither figure is below it with this cell empty""}, {""column"": ""promised_jobs"", ""level"": ""ERROR"", ""message"": ""size floor cannot be established: phase '1B-or-2000-jobs' needs $1,000,000,000 OR 2,000 jobs, and neither figure is below it with this cell empty""}, {""column"": ""flag"", ""level"": ""WARN"", ""message"": ""unresolved flag: promised_capital_usd and promised_jobs are not stated in either cited source: th""}]"
277,2026-09-19T20:12:13Z,100,CLEAN,0,0,[]
278,2026-09-19T20:12:13Z,101,CLEAN,0,0,[]
279,2026-09-19T20:12:13Z,102,FAIL,1,1,"[{""column"": ""promised_capital_usd"", ""level"": ""ERROR"", ""message"": ""inclusion rule fails: phase '1B-or-2000-jobs' requires $1,000,000,000 OR 2,000 jobs; got capital $700,000,000 and jobs 400""}, {""column"": ""flag"", ""level"": ""WARN"", ""message"": ""unresolved flag: On the initial May 2025 announcement figures ($700M+ capital, ~400 direct manufa""}]"
280,2026-09-19T20:12:13Z,103,PASS,0,1,"[{""column"": ""flag"", ""level"": ""WARN"", ""message"": ""unresolved flag: actual_first_output = pending: this is an expansion of an already-running 787 fi""}]"
281,2026-09-19T20:12:13Z,104,PASS,0,1,"[{""column"": ""flag"", ""level"": ""WARN"", ""message"": ""unresolved flag: promise_source 403s to WebFetch and browser-UA curl; read via https://web.archiv""}]"
282,2026-09-19T20:12:13Z,105,PASS,0,1,"[{""column"": ""flag"", ""level"": ""WARN"", ""message"": ""unresolved flag: Lead's status_source (icis.com) is behind Imperva/Incapsula and has no Wayback s""}]"
283,2026-09-19T20:12:13Z,106,PASS,0,1,"[{""column"": ""flag"", ""level"": ""WARN"", ""message"": ""unresolved flag: actual_first_output not dated by the promise or status sources; the status sourc""}]"
284,2026-09-19T20:12:13Z,107,PASS,0,1,"[{""column"": ""flag"", ""level"": ""WARN"", ""message"": ""unresolved flag: Jobs discrepancy: promise_source (Jan 24, 2025) cites ~1,500 union-represented j""}]"
285,2026-09-19T20:12:13Z,108,PASS,0,1,"[{""column"": ""flag"", ""level"": ""WARN"", ""message"": ""unresolved flag: Neither cited source states a promised/targeted first-output date; promised_firs""}]"
286,2026-09-19T20:12:13Z,109,PASS,0,1,"[{""column"": ""flag"", ""level"": ""WARN"", ""message"": ""unresolved flag: Capital discrepancy: lead summary says ~$1.6B; promise source states Cliffs' net""}]"
287,2026-09-19T20:12:13Z,110,PASS,0,1,"[{""column"": ""flag"", ""level"": ""WARN"", ""message"": ""unresolved flag: promise_source states no production-start date, so promised_first_output is n/a;""}]"
288,2026-09-19T20:12:13Z,111,PASS,0,1,"[{""column"": ""flag"", ""level"": ""WARN"", ""message"": ""unresolved flag: announced month is not explicitly dated in the release (page schema datePublishe""}]"
289,2026-09-19T20:12:13Z,112,PASS,0,1,"[{""column"": ""flag"", ""level"": ""WARN"", ""message"": ""unresolved flag: status_source 403s to WebFetch; read via curl browser UA (step 2). actual_first_""}]"
290,2026-09-19T20:12:13Z,113,CLEAN,0,0,[]
291,2026-09-19T20:12:13Z,114,PASS,0,1,"[{""column"": ""flag"", ""level"": ""WARN"", ""message"": ""unresolved flag: status_source 403s to WebFetch; read via browser user agent over HTTP/1.1 (ladde""}]"
292,2026-09-19T20:12:13Z,115,PASS,0,1,"[{""column"": ""flag"", ""level"": ""WARN"", ""message"": ""unresolved flag: status_source cip.com live page 404s; read via https://web.archive.org/web/20260""}]"
293,2026-09-19T20:12:13Z,116,PASS,0,1,"[{""column"": ""flag"", ""level"": ""WARN"", ""message"": ""unresolved flag: Minor announcement-date discrepancy: LED release dates the announcement March 11""}]"
294,2026-09-19T20:12:13Z,117,PASS,0,1,"[{""column"": ""flag"", ""level"": ""WARN"", ""message"": ""unresolved flag: status_source's 2026 retrospective cites an original operational target of 2025,""}]"
295,2026-09-19T20:12:13Z,118,CLEAN,0,0,[]
296,2026-09-19T20:12:13Z,119,PASS,0,1,"[{""column"": ""flag"", ""level"": ""WARN"", ""message"": ""unresolved flag: Both sources returned HTTP 403 to WebFetch; read via curl with a browser user ag""}]"
297,2026-09-19T20:12:13Z,120,CLEAN,0,0,[]
298,2026-09-19T20:12:13Z,121,PASS,0,1,"[{""column"": ""flag"", ""level"": ""WARN"", ""message"": ""unresolved flag: promise_source 403s to WebFetch/curl; read via web.archive.org 2025 snapshot of ""}]"
299,2026-09-19T20:12:13Z,122,PASS,0,1,"[{""column"": ""flag"", ""level"": ""WARN"", ""message"": ""unresolved flag: Capital-framing discrepancy: LG May-2023 release states the JV at over USD 4.3B,""}]"
300,2026-09-19T20:12:13Z,123,PASS,0,1,"[{""column"": ""flag"", ""level"": ""WARN"", ""message"": ""unresolved flag: Announcement date discrepancy: lead summary says ~Nov 2020, but promise_source d""}]"
301,2026-09-19T20:12:13Z,124,PASS,0,1,"[{""column"": ""flag"", ""level"": ""WARN"", ""message"": ""unresolved flag: promise_source timed out on WebFetch and 403'd on curl; read via web.archive.org""}]"
302,2026-09-19T20:12:13Z,125,PASS,0,1,"[{""column"": ""flag"", ""level"": ""WARN"", ""message"": ""unresolved flag: promise_source timed out on WebFetch and 403s to a browser-UA curl; read via htt""}]"
303,2026-09-19T20:12:13Z,126,PASS,0,1,"[{""column"": ""flag"", ""level"": ""WARN"", ""message"": ""unresolved flag: Promised-first-output discrepancy: promise_source states Phase 1 online 2027; st""}]"
304,2026-09-19T20:12:13Z,127,PASS,0,1,"[{""column"": ""flag"", ""level"": ""WARN"", ""message"": ""unresolved flag: promised_jobs (200 permanent) and capacity read from status_source, not the prom""}]"
305,2026-09-19T20:12:13Z,128,PASS,0,1,"[{""column"": ""flag"", ""level"": ""WARN"", ""message"": ""unresolved flag: promise_source timed out on WebFetch and curl; read via https://web.archive.org/""}]"
306,2026-09-19T20:12:13Z,129,PASS,0,1,"[{""column"": ""flag"", ""level"": ""WARN"", ""message"": ""unresolved flag: promised first-output source gives a 2025-2027 window ('launch its Indiana opera""}]"
307,2026-09-19T20:12:13Z,130,PASS,0,1,"[{""column"": ""flag"", ""level"": ""WARN"", ""message"": ""unresolved flag: promised_first_output token reflects the campus completion date the source gives""}]"
308,2026-09-19T20:12:13Z,131,PASS,0,1,"[{""column"": ""flag"", ""level"": ""WARN"", ""message"": ""unresolved flag: Other used; candidate new sector: Auto Parts/Components (DENSO makes automotive ""}]"
309,2026-09-19T20:12:13Z,132,CLEAN,0,0,[]
310,2026-09-19T20:12:13Z,133,FAIL,1,1,"[{""column"": ""promised_capital_usd"", ""level"": ""ERROR"", ""message"": ""size floor cannot be established: phase '1B-or-2000-jobs' needs $1,000,000,000 OR 2,000 jobs, and jobs 500 is below it with this cell empty""}, {""column"": ""flag"", ""level"": ""WARN"", ""message"": ""unresolved flag: No total project capital figure is stated in either cited source; the only dolla""}]"
311,2026-09-19T20:12:13Z,134,PASS,0,1,"[{""column"": ""flag"", ""level"": ""WARN"", ""message"": ""unresolved flag: promised_capital_usd stated as a $2-3B range; recorded the $2B low end. announce""}]"
312,2026-09-19T20:12:13Z,135,PASS,0,1,"[{""column"": ""flag"", ""level"": ""WARN"", ""message"": ""unresolved flag: Re-announcement: original scope was ~$2B/300 jobs, scaled to $3B/500 jobs (per v""}]"
313,2026-09-19T20:12:13Z,136,CLEAN,0,0,[]
314,2026-09-19T20:12:13Z,137,PASS,0,1,"[{""column"": ""flag"", ""level"": ""WARN"", ""message"": ""unresolved flag: promise_source (pressroom.toyota.com) returned HTTP 403 to WebFetch and to curl ""}]"
315,2026-09-19T20:12:13Z,138,PASS,0,1,"[{""column"": ""flag"", ""level"": ""WARN"", ""message"": ""unresolved flag: Announcement dated June 8, 2026 (a Monday) per promise_source, not June 9 as in ""}]"
316,2026-09-19T20:12:13Z,139,CLEAN,0,0,[]
317,2026-09-19T20:12:13Z,140,PASS,0,1,"[{""column"": ""flag"", ""level"": ""WARN"", ""message"": ""unresolved flag: promise_source does not state capital; $1.6B taken from status_source headline. ""}]"
318,2026-09-19T20:12:13Z,141,PASS,0,1,"[{""column"": ""flag"", ""level"": ""WARN"", ""message"": ""unresolved flag: status_source confirms the plant is producing but does not date first output; da""}]"
319,2026-09-19T20:12:13Z,142,PASS,0,1,"[{""column"": ""flag"", ""level"": ""WARN"", ""message"": ""unresolved flag: Announcement-date discrepancy: promise_source (PR Newswire) dates it March 24, 2""}]"
320,2026-09-19T20:12:13Z,143,PASS,0,1,"[{""column"": ""flag"", ""level"": ""WARN"", ""message"": ""unresolved flag: Other used; candidate new sector: Aluminum/Primary Metals (aluminum rolling mill""}]"
321,2026-09-19T20:12:13Z,144,PASS,0,1,"[{""column"": ""flag"", ""level"": ""WARN"", ""message"": ""unresolved flag: Neither source states a promised or actual first-output date; plant is pre-const""}]"
322,2026-09-19T20:12:13Z,145,PASS,0,1,"[{""column"": ""flag"", ""level"": ""WARN"", ""message"": ""unresolved flag: Other used; candidate new sector: Shipbuilding. First output is exit (c): the $5""}]"
323,2026-09-19T20:12:13Z,146,PASS,0,1,"[{""column"": ""flag"", ""level"": ""WARN"", ""message"": ""unresolved flag: promise_source 403s to WebFetch and curl; read via https://web.archive.org/web/2""}]"
324,2026-09-19T20:12:13Z,147,PASS,0,1,"[{""column"": ""flag"", ""level"": ""WARN"", ""message"": ""unresolved flag: promised_first_output not dated by either source (WHYY: no opening date set); to""}]"
325,2026-09-19T20:12:13Z,148,PASS,0,1,"[{""column"": ""flag"", ""level"": ""WARN"", ""message"": ""unresolved flag: No explicit promised commercial-production date stated in either cited source; a""}]"
326,2026-09-19T20:12:13Z,149,PASS,0,1,"[{""column"": ""flag"", ""level"": ""WARN"", ""message"": ""unresolved flag: Other used; candidate new sector: Renewable Fuels (SAF/renewable diesel biorefin""}]"
327,2026-09-19T20:12:13Z,150,PASS,0,1,"[{""column"": ""flag"", ""level"": ""WARN"", ""message"": ""unresolved flag: Neither source states a promised first-output date; recorded promised_first_outp""}]"
328,2026-09-19T20:12:13Z,151,FAIL,1,1,"[{""column"": ""promised_capital_usd"", ""level"": ""ERROR"", ""message"": ""inclusion rule fails: phase '1B-or-2000-jobs' requires $1,000,000,000 OR 2,000 jobs; got capital $900,000,000 and jobs 1,100""}, {""column"": ""flag"", ""level"": ""WARN"", ""message"": ""unresolved flag: Original announcement figures ($900M, 1,100 direct jobs) clear neither the $1B n""}]"
329,2026-09-19T20:12:13Z,152,PASS,0,1,"[{""column"": ""flag"", ""level"": ""WARN"", ""message"": ""unresolved flag: status_source (eh2.com) only confirms the project is a planned future deployment""}]"
330,2026-09-19T20:12:13Z,153,PASS,0,1,"[{""column"": ""flag"", ""level"": ""WARN"", ""message"": ""unresolved flag: Announcement dated February 6, 2023 in the source, not Feb 15 as the lead summar""}]"
331,2026-09-19T20:12:13Z,154,PASS,0,1,"[{""column"": ""flag"", ""level"": ""WARN"", ""message"": ""unresolved flag: announced anchor (2025-03) reflects the March 11, 2025 facility OPENING document""}]"
332,2026-09-19T20:12:13Z,155,PASS,0,1,"[{""column"": ""flag"", ""level"": ""WARN"", ""message"": ""unresolved flag: Announcement date differs between sources: L3Harris release dated Apr 15, 2026; ""}]"
333,2026-09-19T20:12:13Z,156,CLEAN,0,0,[]
334,2026-09-19T20:12:13Z,157,PASS,0,1,"[{""column"": ""flag"", ""level"": ""WARN"", ""message"": ""unresolved flag: promise_source and status_source both 403'd to WebFetch; read via curl with a br""}]"
335,2026-09-19T20:12:13Z,158,FAIL,2,1,"[{""column"": ""promised_capital_usd"", ""level"": ""ERROR"", ""message"": ""size floor cannot be established: phase '1B-or-2000-jobs' needs $1,000,000,000 OR 2,000 jobs, and neither figure is below it with this cell empty""}, {""column"": ""promised_jobs"", ""level"": ""ERROR"", ""message"": ""size floor cannot be established: phase '1B-or-2000-jobs' needs $1,000,000,000 OR 2,000 jobs, and neither figure is below it with this cell empty""}, {""column"": ""flag"", ""level"": ""WARN"", ""message"": ""unresolved flag: promise_source (Enterprise IR release) unreachable: WebFetch timed out on every ""}]"
336,2026-09-19T20:12:13Z,159,CLEAN,0,0,[]
337,2026-09-19T20:12:13Z,160,FAIL,1,1,"[{""column"": ""announced"", ""level"": ""ERROR"", ""message"": ""must be YYYY-MM (the row anchor), got '2019'""}, {""column"": ""flag"", ""level"": ""WARN"", ""message"": ""unresolved flag: announced given only as year 2019 in status_source (leasing began 2019 with inte""}]"
338,2026-09-19T20:12:13Z,161,PASS,0,1,"[{""column"": ""flag"", ""level"": ""WARN"", ""message"": ""unresolved flag: promised_capital_usd uses the ~$1.2B original project estimate (status_source); ""}]"
339,2026-09-19T20:12:13Z,162,PASS,0,1,"[{""column"": ""flag"", ""level"": ""WARN"", ""message"": ""unresolved flag: No source states a calendar year for promised first output; status_source gives ""}]"
340,2026-09-19T20:12:13Z,163,PASS,0,1,"[{""column"": ""flag"", ""level"": ""WARN"", ""message"": ""unresolved flag: promised_jobs omitted: release's 'more than 18,000 jobs' is a 2019-2024 regional""}]"
341,2026-09-19T20:12:13Z,164,PASS,0,1,"[{""column"": ""flag"", ""level"": ""WARN"", ""message"": ""unresolved flag: Announcement date differs between sources: WFAE dates it 2026-07-29; Octapharma ""}]"
342,2026-09-19T20:12:13Z,165,PASS,0,1,"[{""column"": ""flag"", ""level"": ""WARN"", ""message"": ""unresolved flag: No source states a promised production/first-output date; status_source only dat""}]"
343,2026-09-19T20:12:13Z,166,FAIL,1,1,"[{""column"": ""promised_capital_usd"", ""level"": ""ERROR"", ""message"": ""size floor cannot be established: phase '1B-or-2000-jobs' needs $1,000,000,000 OR 2,000 jobs, and jobs 540 is below it with this cell empty""}, {""column"": ""flag"", ""level"": ""WARN"", ""message"": ""unresolved flag: promised_capital_usd left empty: the only dollar figure in the cited sources is ""}]"
344,2026-09-19T20:12:13Z,167,PASS,0,1,"[{""column"": ""flag"", ""level"": ""WARN"", ""message"": ""unresolved flag: promise_source (21alive) states 2,000+ jobs but no capital figure; promised_capi""}]"
345,2026-09-19T20:12:13Z,168,PASS,0,1,"[{""column"": ""flag"", ""level"": ""WARN"", ""message"": ""unresolved flag: Other used; candidate new sector: Rare Earth Metals and Magnets. Announcement da""}]"
346,2026-09-19T20:12:13Z,169,FAIL,1,1,"[{""column"": ""promised_capital_usd"", ""level"": ""ERROR"", ""message"": ""size floor cannot be established: phase '1B-or-2000-jobs' needs $1,000,000,000 OR 2,000 jobs, and jobs 90 is below it with this cell empty""}, {""column"": ""flag"", ""level"": ""WARN"", ""message"": ""unresolved flag: promise_source timed out on WebFetch and 403s to curl; read via https://web.arch""}]"
347,2026-09-19T20:12:13Z,170,PASS,0,1,"[{""column"": ""flag"", ""level"": ""WARN"", ""message"": ""unresolved flag: promised_jobs left empty: the 3,200 figure in the sources is current employment ""}]"
348,2026-09-19T20:12:13Z,171,PASS,0,1,"[{""column"": ""flag"", ""level"": ""WARN"", ""message"": ""unresolved flag: promised_jobs left empty: promise_source cites only ~2,000 construction jobs (ex""}]"
349,2026-09-19T20:12:13Z,172,FAIL,1,1,"[{""column"": ""promised_capital_usd"", ""level"": ""ERROR"", ""message"": ""inclusion rule fails: phase '1B-or-2000-jobs' requires $1,000,000,000 OR 2,000 jobs; got capital $600,000,000 and jobs 500""}, {""column"": ""flag"", ""level"": ""WARN"", ""message"": ""unresolved flag: Other used; candidate new sector: Nicotine/Tobacco products. Size-floor caveat: ""}]"
350,2026-09-19T20:12:13Z,173,PASS,0,1,"[{""column"": ""flag"", ""level"": ""WARN"", ""message"": ""unresolved flag: Neither source states a promised first-output/production date, so promised_first""}]"
351,2026-09-19T20:12:13Z,174,PASS,0,1,"[{""column"": ""flag"", ""level"": ""WARN"", ""message"": ""unresolved flag: Other used; candidate new sector: Rare-earth permanent magnets""}]"
352,2026-09-19T20:12:13Z,175,PASS,0,1,"[{""column"": ""flag"", ""level"": ""WARN"", ""message"": ""unresolved flag: promised_capital_usd: the GSK release states 'The $1.2 billion investment includ""}]"
353,2026-09-19T20:12:13Z,176,PASS,0,1,"[{""column"": ""flag"", ""level"": ""WARN"", ""message"": ""unresolved flag: Date discrepancy: status_source (Detroit News, Aug 13 2026) says 'Ford announced""}]"
354,2026-09-19T20:12:13Z,177,PASS,0,1,"[{""column"": ""flag"", ""level"": ""WARN"", ""message"": ""unresolved flag: promised_jobs omitted: only figure is ~200 stated as regional ('could create app""}]"
355,2026-09-19T20:12:13Z,178,PASS,0,1,"[{""column"": ""flag"", ""level"": ""WARN"", ""message"": ""unresolved flag: Announcement date discrepancy: lead summary says April 21, 2022 but promise_sour""}]"
356,2026-09-21T21:09:34Z,160,PASS,0,1,"[{""column"": ""flag"", ""level"": ""WARN"", ""message"": ""unresolved flag: announced given only as year 2019 in status_source (leasing began 2019 with inte""}]"
357,2026-09-21T21:10:22Z,160,PASS,0,1,"[{""column"": ""flag"", ""level"": ""WARN"", ""message"": ""unresolved flag: announced given only as year 2019 in status_source (leasing began 2019 with inte""}]"
